project_id,name,category,aliases,search_terms,developer,device,country,reporting_country,technology,in_scope,test_site_id,test_site_name_raw,location,capacity_kw,capacity_basis,lat,lon,location_basis,first_seen,last_seen,report_years,report_pages,obs_ids,report_years_basis,latest_status,source,pilot_project_id,primre_name,primre_link_basis,primre_status,primre_scale,primre_website,review_status,notes
P0001,Wave Swell Energy King Island Project,annual reports,UniWave200 | WaveSwell Energy's UniWave200 | king-island-project,UniWave200 | Wave Swell Energy King Island,Wave Swell Energy,,Australia,Australia,wave,yes,,,"in King Island, Tasmania",200,Pilot (report),-39.8497,143.9535,PRIMRE,2020,2020,2020,2020:p48,OBS0001,Pilot observations (page + quoted evidence),under_construction,Pilot; PRIMRE,PRJ0001,WSE King Island Project,auto (high confidence),Inactive,Full-scale,https://www.waveswell.com/king-island-project-2/,unreviewed,
P0002,M4 WEC at Albany deployment site,annual reports,M4 | M4 WEC | Albany M4 wave energy project | M4 (Moored MultiMode Multibody) wave energy demonstrator | M4 (short for 'Moored MultiModal Multibody') Wave Energy Converter | Seeding Marine Innovation in WA with a Wave Energy Deployment in Albany | The Albany M4 project,M4 WEC | Albany M4 | Seeding Marine Innovation,University of Western Australia — Wave Energy Research Centre (WERC),M4 - Moored MultiMode Multibody Wave Energy Converter,Australia,Australia,wave,yes,,,the M4 WEC at Albany deployment site,5.5,Pilot (report),-35.0517,117.9262,PRIMRE,2020,2025,2020; 2025,2020:p49; 2025:p76,OBS0002; OBS0005,Pilot observations (page + quoted evidence),retrieved,Pilot; PRIMRE,PRJ0002 | PRJ0004,M4 Wave Energy Demonstration Project,reviewed 2026-09-24: match (M4 at Albany),Inactive,Sub-scale,https://marineenergyresearch.com.au/m4-project/,unreviewed,reviewed 2026-09-24: merged P0003 (The Albany M4 project)
P0004,MoorPower,annual reports,MoorPower | MoorPower Commercial Pilot: Preliminary Design Project | MoorPower Scaled Demonstrator | MoorPower Scaled Demonstrator Project | MoorPower™ pilot,MoorPower | Moorpower,Carnegie Clean Energy,MoorPower,Australia,Australia,wave,yes,,,"the MoorPower™ pilot off Fremantle (WA), led by Carnegie Clean Energy ... Following the successful offshore operation of the MoorPower Scaled Demonstrator in North Fremantle (WA)",,,-32.0614,115.7021,PRIMRE,2025,2025,2025,2025:p74,OBS0006,Pilot observations (page + quoted evidence),retrieved,Pilot; PRIMRE,PRJ0005,Moorpower at North Frementle,reviewed 2026-09-24: match,Inactive,Sub-scale,https://carnegiece.com/wp-content/uploads/2025/04/240614-ASX-CCE-MoorPower-Redeployed.pdf,unreviewed,
P0005,CETO deployment at BiMEP (ACHIEVE Programme),annual reports,ACHIEVE Programme | CETO | Carnegie's CETO Technology | first CETO wave energy converter unit in Europe | ACHIEVE | CETO Wave Energy Ireland | ACHIEVE Programme (scaled CETO unit at BiMEP),~CETO | ACHIEVE | Carnegie's CETO | CETO Wave Energy Ireland,Carnegie Clean Energy,,Spain,Australia | Spain,wave,yes,bimep,BiMEP (Biscay Marine Energy Platform),deployment of CETO at the Biscay Marine Energy Platform (BiMEP) ... at the BiMEP testing site in Bilbao in 2026,,,43.46,-2.88,test site,2025,2025,2025,2025:p77; 2025:p189,OBS0007; OBS0457,Pilot observations (page + quoted evidence),fabrication,Pilot,PRJ0006 | PRJ0364,,,,,,unreviewed,reviewed 2026-09-24: merged P0297 (ACHIEVE Programme (scaled CETO unit at BiMEP))
P0006,WaveX W5 project / Albany Pilot with Shared Anchors,annual reports,Albany Pilot with Shared Anchors | D-Spar™ | W5 project | Wave Powered Generator (WPG),~WPG | ~Albany | D-Spar™ | Wave Powered,WaveX,,Australia,Australia,wave,yes,,,"Deployment is planned for Albany, Western Australia, during 2026–27",10,Pilot (report),-35.0248,117.8836,place,2025,2025,2025,2025:p78,OBS0008,Pilot observations (page + quoted evidence),planned,Pilot,PRJ0007,,,,,,unreviewed,
P0007,Mocean Energy Western Australia deployment,annual reports,,Mocean Energy Western Australia,Mocean Energy,,Australia,Australia,wave,yes,,,Mocean Energy is exploring a potential deployment in Western Australia in collaboration with UWA.,,,-25.2303,121.0187,region,2025,2025,2025,2025:p78,OBS0009,Pilot observations (page + quoted evidence),concept,Pilot,PRJ0008,,,,,,unreviewed,
P0008,Developing Production Systems for Offshore Kelp Mariculture — wave-powered pump kelp trial research farm,annual reports,Developing Production Systems for Offshore Kelp Mariculture | wave-powered pump,Developing Production,Australian Maritime College (UTAS),,Australia,Australia,wave,yes,,,the commissioning of a kelp trial research farm in Tasmania's Derwent River,,,-42.5125,146.6798,region,2025,2025,2025,2025:p73,OBS0010,Pilot observations (page + quoted evidence),under_construction,Pilot,PRJ0009,,,,,,unreviewed,
P0009,"Mermaid concession zone, Belgian North Sea",annual reports,Mermaid concession zone,Mermaid,Mermaid (temporary trading company),,Belgium,Belgium,hybrid,yes,,,"The Belgian maritime spatial plan foresees an area for the exploitation for offshore wind, wave and tidal energy. This area has been divided into 9 zones for which the Government has given domanial concessions for renewable energy project development. The last concession (±55 km from the coast) was granted in July 2012 to the temporary trading company Mermaid.",,,50.6403,4.6667,country,2016,2020,2016; 2020,2016:p59; 2016:p61; 2020:p53,OBS0011; OBS0016; OBS0018,Pilot observations (page + quoted evidence),consented,Pilot,PRJ0010 | PRJ0015,,,,,,unreviewed,"reviewed 2026-09-24: added PRJ0015, the Pilot's test-site record for the same thing"
P0010,FlanSea,annual reports,FlanSea I | FlanSea prototype (1/2 scale) | Flanders Electricity from the sea,FlanSea | FlanSea I | Flanders Electricity,University of Ghent,,Belgium,Belgium,wave,yes,ostend_wave,Harbour of Ostend test site,"The FlanSea prototype device (1/2 scale) of 4.4 m diameter, 5 m height and 25 tonnes weight was commissioned outside the Harbour of Ostend in July 2013.",,,51.235,2.91,test site,2016,2016,2016,2016:p60,OBS0013,Pilot observations (page + quoted evidence),retrieved,Pilot,PRJ0012,,,,,,unreviewed,reviewed 2026-09-24: test site linked from the Pilot's site name
P0011,FlanSea II,annual reports,,FlanSea | FlanSea II,University of Ghent,,Belgium,Belgium,wave,yes,,,"Depending on the results of the FlanSea I project, a possible continuation is under investigation. In this FlanSea II project the emphasis is on the development, which involves deployment of one or multiple wave energy convertors of bigger scale and/or alternative for the Power Take-Off.",,,50.6403,4.6667,country,2016,2016,2016,2016:p61,OBS0014,Pilot observations (page + quoted evidence),concept,Pilot,PRJ0013,,,,,,unreviewed,
P0012,Laminaria 1:4 scale prototype sea trials,annual reports,Laminaria | Laminaria device,Laminaria,Laminaria,,Belgium,Belgium,wave,yes,ostend_wave,Ostend sea testing site,"Over the last year a fully functional 1:4 scale prototype has been tested at the sea testing site in Ostend, Belgium.",1,Pilot (report),51.235,2.91,test site,2016,2016,2016,2016:p60,OBS0015,Pilot observations (page + quoted evidence),installed,Pilot,PRJ0014,,,,,,unreviewed,reviewed 2026-09-24: test site linked from the Pilot's site name
P0013,LAMWEC,annual reports,Laminaria deployment at EMEC | Laminaria device,LAMWEC | Laminaria,Laminaria,,United Kingdom,Belgium,wave,yes,emec,EMEC,"Laminaria is planning a deployment at the EMEC test site in Orkney, Scotland, in 2017 (LAMWEC project).",,,58.963,-3.296,test site,2016,2016,2016,2016:p61,OBS0017,Pilot observations (page + quoted evidence),planned,Pilot,PRJ0016,,,,,,unreviewed,
P0015,Raz Blanchart tidal energy pilot project,annual reports,Raz Blanchard,Raz Blanchart | ~Raz Blanchard,"Tractebel (ENGIE affiliate) - pre-feasibility study, technical audit and foundation design",,France,Belgium,tidal stream,yes,,,"Belgian ENGIE affiliate Tractebel was involved in the pre-feasibility study, technical audit and foundation design of the Raz Blanchart tidal energy pilot project in France.",,,46.6034,1.8883,country,2020,2020,2020,2020:p54,OBS0020,Pilot observations (page + quoted evidence),design,Pilot,PRJ0018,,,,,,unreviewed,
P0016,ITEG - Integrating Tidal Energy into the European Grid,annual reports,ITEG | SR2-2000,~ITEG | SR2-2000,European Marine Energy Centre (EMEC),,United Kingdom,Belgium,tidal stream,yes,emec,EMEC Fall of Warness,"the project will deliver an onshore energy management system at EMEC's Fall of Warness tidal test site, off the northern Orkney island of Eday",2000,Pilot (report),58.963,-3.296,test site,2020,2020,2020,2020:p58,OBS0023,Pilot observations (page + quoted evidence),planned,Pilot,PRJ0020,,,,,,unreviewed,
P0017,Cape Sharp Tidal project at FORCE,annual reports,Cape Sharp Tidal | Cape Sharp Tidal Venture | Cape Sharp turbine | Cape Sharp turbine at FORCE berth D,Cape Sharp | Open Centre | Open Centre Turbine,Cape Sharp Tidal Venture,Open Centre Turbine,Canada,Canada,tidal stream,yes,force,FORCE,Cape Sharp Tidal Venture installed the first of their two turbines into the Bay of Fundy at the FORCE site in Nova Scotia.,2000,Pilot (report),45.37,-64.43,test site,2016,2020,2016; 2020,2016:p67; 2020:p61,OBS0027; OBS0049,Pilot observations (page + quoted evidence),suspended,Pilot; PRIMRE,PRJ0022,Cape Sharp Tidal Venture,reviewed 2026-09-24: match,Inactive,Full-scale,https://www.aecon.com/our-expertise/our-projects/cape-sharp-tidal,unreviewed,
P0018,Black Rock Tidal Power project at FORCE,annual reports,Black Rock Tidal Power,Black Rock,Black Rock Tidal Power,,Canada,Canada,tidal stream,yes,force,FORCE,"Black Rock Tidal Power, a berth holder at the FORCE site, is scheduled to begin installation of their first device in 2017.",5000,Pilot (report),45.37,-64.43,test site,2016,2016,2016,2016:p66,OBS0028,Pilot observations (page + quoted evidence),planned,Pilot,PRJ0023,,,,,,unreviewed,
P0019,Minas Tidal Limited Partnership project at FORCE,annual reports,Minas Tidal | Minas Tidal Limited Partnership | Tocardo semi-submersible platform,Tocardo | ~Minas Tidal | Minas Tidal Limited Partnership,Minas Tidal Limited Partnership,,Canada,Canada,tidal stream,yes,force,FORCE,"Minas Tidal Limited Partnership (Minas Tidal) is now the berth holder at the FORCE test site ... Minas Tidal plans to deploy three Tocardo semi-submersible platforms at the FORCE site, outfitted with five 250 kW bi-directional turbine generators for a total of 1.25 MW per floating platform.",4000,Pilot (report),45.37,-64.43,test site,2016,2016,2016,2016:p67,OBS0029,Pilot observations (page + quoted evidence),planned,Pilot,PRJ0024,,,,,,unreviewed,
P0020,Atlantis Operations Canada project at FORCE,annual reports,Atlantis Operations Canada,Atlantis Operations Canada,Atlantis Operations Canada,,Canada,Canada,tidal stream,yes,force,FORCE,"Atlantis Operations Canada and DP Energy have also received project approval from the Province and plan to deploy in-stream tidal energy technologies totalling 4.5 MW each, at the FORCE site by 2018.",4500,Pilot (report),45.37,-64.43,test site,2016,2016,2016,2016:p67,OBS0030,Pilot observations (page + quoted evidence),consented,Pilot,PRJ0025,,,,,,unreviewed,
P0021,DP Energy project at FORCE,annual reports,DP Marine Energy,DP Marine Energy,DP Energy,,Canada,Canada,tidal stream,yes,force,FORCE,"Atlantis Operations Canada and DP Energy have also received project approval from the Province and plan to deploy in-stream tidal energy technologies totalling 4.5 MW each, at the FORCE site by 2018.",4500,Pilot (report),45.37,-64.43,test site,2016,2016,2016,2016:p67,OBS0031,Pilot observations (page + quoted evidence),consented,Pilot,PRJ0026,,,,,,unreviewed,
P0022,CNA full-scale wave-powered water pump prototype,annual reports,,~CNA,College of the North Atlantic (CNA),,Canada,Canada,wave,yes,werc_ca,WERC,"The CNA has completed scaled model testing and expects to deploy a full scale prototype in 2017. This 10 ton wave energy converter is designed as a robust, low technology point absorber conceived to deliver a high volume of water to shore.",,,46.88,-55.67,test site,2016,2016,2016,2016:p67,OBS0034,Pilot observations (page + quoted evidence),design,Pilot,PRJ0029,,,,,,unreviewed,
P0023,Annapolis Royal tidal barrage power plant,annual reports,Annapolis Royal,~Annapolis Royal,Nova Scotia Power,,Canada,Canada,tidal range,yes,,,The 20 MW Annapolis Royal tidal barrage power plant was commissioned in 1984 and continues to operate today.,20000,Pilot (report),44.7420,-65.5161,place,2016,2016,2016,2016:p67,OBS0035,Pilot observations (page + quoted evidence),operational,Pilot,PRJ0030,,,,,,unreviewed,
P0024,Mermaid Power Neptune 3 / Neptune 3A at Keats Island,annual reports,Neptune 3 | Neptune 3 / Neptune 3A | Neptune 3A,Neptune | Neptune 3 | Neptune 3A,Mermaid Power Corporation,,Canada,Canada,wave,yes,,,Mermaid Power Corporation deployed its Neptune 3 wave energy device at Keats Island in December 2015 and was followed by Neptune 3A deployment in early September 2016.,,,49.3974,-123.4565,place,2016,2016,2016,2016:p67,OBS0036,Pilot observations (page + quoted evidence),installed,Pilot,PRJ0031,,,,,,unreviewed,
P0025,Mermaid Power Neptune 4,annual reports,Neptune 4,Neptune | Neptune 4,Mermaid Power Corporation,,Canada,Canada,wave,yes,,,"As a result of the successful deployments at Keats Island, Mermaid Power Corporation has been able to make modifications for a new device, Neptune 4, which is under design and is targeted for deployment in early summer 2017.",,,61.0667,-107.9917,country,2016,2016,2016,2016:p68,OBS0037,Pilot observations (page + quoted evidence),design,Pilot,PRJ0032,,,,,,unreviewed,
P0026,Idenergie river hydrokinetic turbines in Canadian parks,annual reports,Idénergie,Idénergie,Idénergie,,Canada,Canada,river current,yes,,,"Idénergie installed 6 river hydrokinetic turbines in 2016 to national parks in British Columbia and National parks. The turbines were installed for seasonal purposes and were removed for the winter. In 2017, additional 5 river hydrokinetic turbines will be installed in various Parks Canada site across Canada at approximately 0.5 kW nameplate capacity.",0.5,Pilot (report),55.0013,-125.0024,region,2016,2016,2016,2016:p68,OBS0038,Pilot observations (page + quoted evidence),retrieved,Pilot,PRJ0033,,,,,,unreviewed,
P0027,Water Wall Turbine in-stream tidal demonstration at Dent Island,annual reports,Water Wall Turbine,Water Wall,Water Wall Turbine,,Canada,Canada,tidal stream,yes,,,"Water Wall Turbine deployed 500 kW full size in-stream tidal demonstration turbine at Dent Island, BC in June 2016.",500,Pilot (report),50.4051,-125.1884,place,2016,2016,2016,2016:p68,OBS0039,Pilot observations (page + quoted evidence),retrieved,Pilot,PRJ0034,,,,,,unreviewed,
P0028,NewEast Energy Minas Passage tidal project,annual reports,EnviroGen Power Generation System | New Energy Corp. EnviroGen system for a Manitoba First Nations community | EnviroGen Power Generation system | NewEast Energy | NewEast Energy Minas Passage project | Neweast Energy,NewEast | Neweast | EnviroGen,New Energy Corp.,,Canada,Canada,river current,yes,,,New Energy Corp. has been working with a First Nations community in Manitoba to supply a 25 kW EnviroGen Power Generation System.,800,Pilot (report),55.0013,-97.0010,region,2016,2020,2016; 2020,2016:p68; 2020:p66,OBS0040; OBS0052,Pilot observations (page + quoted evidence),consented,Pilot,PRJ0035 | PRJ0044,,,,,,unreviewed,reviewed 2026-09-24: merged P0037 (NewEast Energy Minas Passage tidal project)
P0029,Mavi Innovations Mi1 tidal turbine at Blind Channel Resort and Marina,annual reports,Mi1,Mi1,Mavi Innovations,Mi1 Floating Turbine,Canada,Canada,tidal stream,yes,blind_channel,,"In 2017, Mavi Innovations will be deploying the Mi1 floating tidal turbine at Blind Channel Resort and Marina to offset the operator's use of diesel fuel.",25,PRIMRE,50.41,-125.5,test site,2016,2016,2016,2016:p68,OBS0041,Pilot observations (page + quoted evidence),planned,Pilot; PRIMRE,PRJ0036,Mavi Mi1 Deployment at Blind Channel Tidal Demonstration Centre,reviewed 2026-09-24: match,Inactive,Full-scale,https://mavi-innovations.ca/#portfolio-4,unreviewed,
P0030,Yourbrook Energy Systems Haida Gwaii tidal pilot project,annual reports,,Yourbrook Energy Systems Haida Gwaii,Yourbrook Energy Systems,,Canada,Canada,tidal stream,yes,,,Yourbrook Energy Systems launched a 3-month pilot project in Haida Gwaii for a small-scale prototype of its systems (up to 80 kW) in the Juskatla Narrows of Masset Inlet.,80,Pilot (report),52.6894,-131.8941,place,2016,2016,2016,2016:p68,OBS0042,Pilot observations (page + quoted evidence),planned,Pilot,PRJ0037,,,,,,unreviewed,
P0031,Big Moon Power project at FORCE berth D,annual reports,Big Moon Power Kinetic Keel test trial | Kinetic Keel | Big Moon Power | BigMoon Power,BigMoon | Big Moon | Kinetic Keel,Big Moon Power,,Canada,Canada,tidal stream,yes,force,,"In April 2016, Big Moon Power successfully completed their test trial of their Kinetic Keel technology in the upper Bay of Fundy.",5000,Pilot (report),45.37,-64.43,test site,2016,2020,2016; 2020,2016:p68; 2020:p66,OBS0043; OBS0048,Pilot observations (page + quoted evidence),consented,Pilot,PRJ0038 | PRJ0041,,,,,,unreviewed,reviewed 2026-09-24: merged P0034 (Big Moon Power project at FORCE berth D)
P0032,"PLAT-I 4.63 floating tidal energy platform, Grand Passage",annual reports,PLAT-I | PLAT-I 4.63 | PLAT-I 4.63 prototype,PLAT-I | PLAT-I 4.63 | Sustainable Marine Grand Passage,Sustainable Marine Energy,,Canada,Canada,tidal stream,yes,,,Sustainable Marine Energy has been operating its PLAT-I 4.63 (280 kW) floating tidal energy platform in Grand Passage since 2018.,280,Pilot (report),44.2643,-66.3363,PRIMRE,2020,2020,2020,2020:p66; 2020:p94,OBS0046; OBS0195,Pilot observations (page + quoted evidence),operational,Pilot; PRIMRE,PRJ0039 | PRJ0159,Sustainable Marine Grand Passage - Phase 1,reviewed 2026-09-24: relinked from PLAT-I Connel Sound,Inactive,Full-scale,https://energy.novascotia.ca/sites/default/files/files/12__MRE_Permit_Section_12_0_SMEC_Grand_Passage_Supporting_Documents_REVISION_14NOV2019.pdf,unreviewed,reviewed 2026-09-24: merged P0132 (same project)
P0033,Pempa'q In-stream Tidal Energy Project,annual reports,PLAT-I | Pempa'q | Spicer Energy's Pempa'q project | Pempa’q | Pempa'q Tidal Energy project,PLAT-I | Pempa'q,Sustainable Marine Energy,,Canada,Canada | Germany,tidal stream,yes,force,FORCE,"The first phase of the Pempa'q In-stream Tidal Energy Project will begin with the installation of a 420 kW PLAT-I platform that will be launched in early 2021. It will be installed at the Grand Passage site for commissioning and testing throughout the winter and spring. Construction work will then start at the FORCE site where this platform will be installed, alongside two others, to provide a combined capacity of 1.26 MW.",9000,Pilot (report),45.37,-64.43,test site,2020,2020,2020,2020:p67; 2020:p94,OBS0047; OBS0197,Pilot observations (page + quoted evidence),planned,Pilot,PRJ0040 | PRJ0161,,,,,,unreviewed,reviewed 2026-09-24: merged P0134 (Pempa'q Tidal Energy project)
P0035,Uisce Tapa,annual reports,DP Energy's Uisce Tapa Project,Uisce Tapa,DP Energy,,Canada,Canada,tidal stream,yes,force,FORCE,"DP Energy continued to develop its 9 MW project, Uisce Tapa, at FORCE test site through 2020, finalizing site specific engineering, site characterization activities and the final planning activities.",9000,Pilot (report),45.37,-64.43,test site,2020,2020,2020,2020:p66,OBS0050,Pilot observations (page + quoted evidence),consented,Pilot,PRJ0042,,,,,,unreviewed,
P0036,Jupiter Hydro Bay of Fundy project,annual reports,,Jupiter Hydro,Jupiter Hydro,,Canada,Canada,tidal stream,yes,,,"Jupiter Hydro has continued planning for the development of its project in the Bay of Fundy, which is in two phases: the testing of a non-grid connected 1 MW prototype and the other for 2MW demonstration.",2000,Pilot (report),44.8512,-66.1978,region,2020,2020,2020,2020:p66,OBS0051,Pilot observations (page + quoted evidence),consented,Pilot,PRJ0043,,,,,,unreviewed,
P0038,Nova Innovation Petit Passage tidal energy project,annual reports,Phase 1 of its 1.5 MW tidal array in the Bay of Fundy area | direct drive turbines | Nova Innovation Nova Scotia tidal energy project,Petit Passage,Nova Innovation,,Canada,Canada | United Kingdom,tidal stream,yes,,,"Nova Innovation continues to plan for the installation of its 1.5 MW tidal energy project in Petit Passage, Nova Scotia.",1500,Pilot (report),44.3910,-66.2069,place,2020,2025,2020; 2025,2020:p66; 2020:p170; 2025:p95,OBS0053; OBS0522; OBS0061,Pilot observations (page + quoted evidence),planned,Pilot,PRJ0045 | PRJ0417,,,,,,unreviewed,reviewed 2026-09-24: merged P0340 (Nova Innovation Nova Scotia tidal energy project)
P0039,Kamdis Tidal Power Demonstration Project (Haida Gwaii),annual reports,Kamdis | Kamdis Tidal Power Demonstration Project | Kamdis Tidal Power Demonstration project,Kamdis,Yourbrook Energy Systems Ltd.,,Canada,Canada,tidal stream,yes,,,The study will support the project's collaboration with T'll Yahda Energy of the Haida Nation to reduce diesel use and greenhouse gas emissions on Haida Gwaii.,500,Pilot (report),52.6894,-131.8941,place,2020,2025,2020; 2025,2020:p67; 2025:p95,OBS0054; OBS0062,Pilot observations (page + quoted evidence),design,Pilot,PRJ0046,,,,,,unreviewed,
P0041,Muchalaht First Nation wave energy project,annual reports,,Muchalaht First Nation,University of Victoria / PRIMED,,Canada,Canada,wave,yes,,,Muchalaht First Nation project including wave energy FEED study.,,,61.0667,-107.9917,country,2020,2020,2020,2020:p66,OBS0056,Pilot observations (page + quoted evidence),concept,Pilot,PRJ0048,,,,,,unreviewed,
P0042,Eauclaire Tidal / Orbital Marine Power Minas Passage tidal stream programme,annual reports,Eauclaire Power Ltd. | Eauclaire Tidal Limited Partnerships | Eauclaire Tidal Ltd. | Eauclaire/Orbital | O2-X,O2-X | Eauclaire,Eauclaire Tidal Ltd.,,Canada,Canada,tidal stream,yes,force,FORCE,"In 2025, Orbital Marine Power and its partner Eauclaire Tidal Ltd. continued advancing their flagship Canadian tidal stream program in the Minas Passage, Bay of Fundy, in collaboration with FORCE.",12500,Pilot (report),45.37,-64.43,test site,2025,2025,2025,2025:p94,OBS0059,Pilot observations (page + quoted evidence),consented,Pilot,PRJ0050,,,,,,unreviewed,
P0043,Mackenzie River hydrokinetic project,annual reports,RivGen,RivGen | Mackenzie River,ORPC Canada,,Canada,Canada,river current,yes,,,"A major focus this year was the Mackenzie River hydrokinetic project near Fort Providence, Northwest Territories, where the proposed submersible RivGen turbine advanced to its next phase with nearly $600,000 in federal funding from the Clean Energy for Rural and Remote Communities Program to support data collection and field activities.",,,61.3523,-117.6490,place,2025,2025,2025,2025:p94,OBS0060,Pilot observations (page + quoted evidence),planned,Pilot,PRJ0051,,,,,,unreviewed,
P0044,Yuquot Wave Energy Project,annual reports,,Yuquot,Mowachaht/Muchalaht First Nation,,Canada,Canada,wave,yes,,,"In 2025, the Yuquot Wave Energy Project, led by the Mowachaht/Muchalaht First Nation, successfully completed its feasibility and design study ... highlighting the cultural importance of Yuquot to the Mowachaht/Muchalaht First Nation people and the exciting potential of wave energy for the community",,,49.5918,-126.6187,place,2025,2025,2025,2025:p95,OBS0063,Pilot observations (page + quoted evidence),design,Pilot,PRJ0052,,,,,,unreviewed,
P0045,New Energy Corporation Bay of Fundy tidal energy demonstration project,annual reports,NEC | NEO,~NEC | ~NEO,New Energy Corporation,,Canada,Canada,tidal stream,yes,,,"Additionally, in the Bay of Fundy, NEC advanced project planning for its tidal energy demonstration project.",,,44.8512,-66.1978,region,2025,2025,2025,2025:p94,OBS0064,Pilot observations (page + quoted evidence),planned,Pilot,PRJ0053,,,,,,unreviewed,
P0046,NNU turbine (15 kW),annual reports,NNU turbine,~NNU,Northeast Normal University (NNU),,China,China,tidal stream,yes,,,near Zhaitang Island,15,Pilot (report),35.6305,119.9241,place,2016,2016,2016,2016:p71,OBS0065,Pilot observations (page + quoted evidence),operational,Pilot,PRJ0054,,,,,,unreviewed,
P0047,IEE turbine (2×2.5 kW),annual reports,IEE turbine,~IEE,Institute of Electrical Engineering (IEE) of the Chinese Academy of Sciences (CAS),,China,China,tidal stream,yes,,,near Xisan Island,2.5,Pilot (report),34.5412,108.9237,country,2016,2016,2016,2016:p71,OBS0066,Pilot observations (page + quoted evidence),operational,Pilot,PRJ0055,,,,,,unreviewed,
P0048,Sharp Eagle Wanshan (100 kW wave energy device),annual reports,100 kW Sharp Eagle | Share Eagle Wanshan (caption spelling) | Sharp Eagle Wanshan | Sharp Eagle Wanshan (100 kW),Sharp Eagle | Sharp Eagle Wanshan | Share Eagle Wanshan,Guangzhou Institute of Energy Conversion (GIEC) of the Chinese Academy of Sciences (CAS),Eagle One,China,China,wave,yes,,,deployed for testing in Wanshan Islands,100,Pilot (report),22.0119,114.0267,PRIMRE,2016,2020,2016; 2020,2016:p71; 2020:p68,OBS0067; OBS0084,Pilot observations (page + quoted evidence),operational,Pilot; PRIMRE,PRJ0056 | PRJ0072,Wanshan Sharp Eagle Sea Test | Sharp Eagle I Sea Trial,reviewed: match | reviewed 2026-09-24: match,Inactive,Full-scale | Sub-scale,https://www.sciencedirect.com/science/article/pii/S0960148117305207 | https://tethys-engineering.pnnl.gov/publications/study-hydrodynamic-characteristics-sharp-eagle-wave-energy-converter,unreviewed,"reviewed 2026-09-24: added PRJ0072, the Pilot's test-site record for the same thing"
P0049,IEE point-absorber wave energy converter (10 kW),annual reports,,~IEE,Institute of Electrical Engineering (IEE) of the Chinese Academy of Sciences (CAS),,China,China,wave,yes,,,near the Wanshan Islands,10,Pilot (report),21.9688,113.7370,place,2016,2016,2016,2016:p72,OBS0068,Pilot observations (page + quoted evidence),operational,Pilot,PRJ0057,,,,,,unreviewed,
P0050,FIO OTEC device (non-azeotropic ammonia-water mixture),annual reports,,~FIO,First Institute of Oceanography (FIO) of the State Oceanic Administration (SOA),,China,China,OTEC,yes,,,,10,Pilot (report),34.5412,108.9237,country,2016,2016,2016,2016:p72,OBS0069,Pilot observations (page + quoted evidence),installed,Pilot,PRJ0058,,,,,,unreviewed,
P0051,Jiangxia Tidal Power Plant,annual reports,,~Jiangxia | ~Jiangxia Tidal Power Plant | ~Jiangxia Tidal Power Station,China Longyuan Power Group Co. (affiliated to China Guodian Corporation since 2003),,China,China,tidal range,yes,,,,700,Pilot (report),28.2313,121.1342,PRIMRE,2016,2016,2016,2016:p72,OBS0073,Pilot observations (page + quoted evidence),operational,Pilot; PRIMRE,PRJ0062,Jiangxia Tidal Power Station,reviewed 2026-09-24: match,Active,Full-scale,https://tethys.pnnl.gov/project-sites/jiangxia-pilot-tidal-power-plant,unreviewed,
P0052,LHD Tidal Current Energy Demonstration Project,annual reports,Endeavour | LHD Tidal Current Power Station | Zhejiang LHD Tidal Current Power Station,~LHD | Endeavour | Zhejiang LHD | LHD Tidal Current Power Station | LHD Tidal Current Energy Demonstration Project,Hangzhou United Energy Co. Ltd.,LHD Module F,China,China,tidal stream,yes,,,The Zhejiang LHD Tidal Current Power Station,4100,Pilot (report),30.1338,122.1696,PRIMRE,2016,2025,2016; 2020; 2025,2016:p73; 2020:p72; 2025:p100,OBS0074; OBS0081; OBS0093,Pilot observations (page + quoted evidence),grid_connected,Pilot; PRIMRE,PRJ0063,LHD Tidal Generation Endeavor Installation | LHD Tidal Installation F | LHD Tidal Installation G | LHD Tidal Modules A-D Installation,reviewed: reconcile capacity | reviewed 2026-09-24: phase of this project,Active,Full-scale,https://www.seetao.com/details/141111.html | https://pubs.aip.org/aip/pof/article/37/7/071308/3356953/A-review-of-ocean-tidal-current-energy-technology,unreviewed,
P0053,Zhairuoshan Tidal Energy Power Demonstration Station,annual reports,,~Zhairuoshan Tidal Energy Power Demonstration Station,Zhejiang University (ZJU),,China,China,tidal stream,yes,zju_zhairuoshan,,near the Zhairuoshan Island,120,Pilot (report),30.02,122.07,test site,2016,2016,2016,2016:p73,OBS0075,Pilot observations (page + quoted evidence),operational,Pilot,PRJ0064,,,,,,unreviewed,
P0054,Shengshan Island Isolated Hybrid Power Demonstration Station,annual reports,,Shengshan Island Isolated,Shanghai Marine Diesel Engine Research Institute (SMDERI),,China,China,hybrid,yes,,,Shengshan Island,300,Pilot (report),30.7188,122.8182,place,2016,2016,2016,2016:p73,OBS0076,Pilot observations (page + quoted evidence),installed,Pilot,PRJ0065,,reviewed 2026-09-24: rejected 'Haineng II - Zhaitang Island Isolated Hybrid Power Demonstration Station',,,,unreviewed,"PRIMRE Haineng II is at Zhaitang Island (Shandong), tidal - different project"
P0055,SRNE 110 kW floating point-absorber WEC,annual reports,,~SRNE,Shandong Rongyuan New Energy Co. (SRNE),,China,China,wave,yes,,,near the Chu Island,110,Pilot (report),10.9253,114.0718,place,2016,2016,2016,2016:p74,OBS0077,Pilot observations (page + quoted evidence),planned,Pilot,PRJ0066,,,,,,unreviewed,
P0056,CSIC710 100 kW floating raft WEC,annual reports,,CSIC710,China Shipbuilding Industry Corporation 710 Institute (CSIC710),,China,China,wave,yes,,,near the Wanshan Island,100,Pilot (report),21.9413,113.7287,place,2016,2016,2016,2016:p74,OBS0078,Pilot observations (page + quoted evidence),planned,Pilot,PRJ0067,,,,,,unreviewed,
P0057,Wanshan 1 MW (2×500 kW) Wave Energy Demonstration Project,annual reports,China's first MWs level wave energy demonstration project | Zhoushan (first 500 kW WEC) | Changshan (second 500 kW WEC),Changshan,Guangzhou Institute of Energy Conversion (GIEC),,China,China,wave,yes,,,deploy on Wanshan Island to open sea test,500,Pilot (report),21.9344,113.7026,PRIMRE,2020,2020,2020,2020:p71,OBS0079,Pilot observations (page + quoted evidence),installed,Pilot; PRIMRE,PRJ0068,Wanshan MW-level Wave Energy Demonstration Project,auto (high confidence),Active,Full-scale,https://english.cas.cn/newsroom/news/202007/t20200703_240149.shtml,unreviewed,
P0058,“Penghu” Wave Energy Deep-Sea Aquaculture Platform,annual reports,Penghu | Wave Energy Aquaculture Cage “Penghu” | Wave Energy Deep-Sea Aquaculture Platform | “Penghu” wave energy deep-sea aquaculture platform,Penghu | Wave Energy Deep-Sea Aquaculture,Guangzhou Institute of Energy Conversion (GIEC),Penghu Sharp Eagle WEC,China,China,wave,yes,,,mariculture base of Zhuhai city,60,Pilot (report),22.0285,113.7926,PRIMRE,2020,2025,2020; 2025,2020:p72; 2025:p100,OBS0080; OBS0095,Pilot observations (page + quoted evidence),operational,Pilot; PRIMRE,PRJ0069,Penghu Aquaculture Platform at Zhuhai,reviewed 2026-09-24: match,Inactive,Full-scale,https://medium.com/@ogilvymedia01/board-the-penghu-to-see-the-new-energy-marine-ranch-platform-followed-by-kenneth-fok-kai-kong-7cadaeb66d87,unreviewed,
P0059,Zhoushan Tidal Current Energy Demonstration Project,annual reports,SG500A/B | Three Gorges Tidal Current Demonstration Project | Zhoushan tidal current energy demonstration project,SG500A/B | Three Gorges | ~Zhoushan Tidal Current Energy Demonstration Project,China Three Gorges (CTG) Corporation,,China,China,tidal stream,yes,nmts_zhoushan,Zhoushan tidal current energy test site,The Zhoushan tidal current energy demonstration project constructed by China Three Gorges Corporation,300,Pilot (report),30.0,122.2,test site,2020,2025,2020; 2025,2020:p72; 2025:p100,OBS0082; OBS0094,Pilot observations (page + quoted evidence),grid_connected,Pilot,PRJ0070,,,,,,unreviewed,
P0060,30 kW island-based OTEC platform (Methods and Techniques of OTEC),annual reports,Methods and Techniques of OTEC,Methods and Techniques,Southeast University,,China,China,OTEC,yes,,,deploy a 30 kW island-based OTEC platform in Hainan province in 2022,30,Pilot (report),35.8173,100.3405,region,2020,2020,2020,2020:p71,OBS0086,Pilot observations (page + quoted evidence),planned,Pilot,PRJ0073,,,,,,unreviewed,
P0061,MWs High-efficiency and High-reliability Wave Energy Conversion and Island Demonstration,annual reports,,MWs High-efficiency,Guangdong Power Grid Co. Ltd,,China,China,wave,yes,,,demonstration on an island,1000,Pilot (report),34.5412,108.9237,country,2020,2020,2020,2020:p71,OBS0087,Pilot observations (page + quoted evidence),design,Pilot,PRJ0074,,,,,,unreviewed,
P0062,“Nankun” megawatt-scale floating wave energy power generation platform,annual reports,Nankun,Nankun,"China Southern Power Grid Guangdong Power Grid Co., Ltd.",Wave Energy Converter Nankun,China,China,wave,yes,,,"The platform conducted nearshore tests in Wanshan, Zhuhai in 2023. After completing performance tests of the power generation system in nearshore waters, August conducted offshore grid-connected power supply tests.",1000,PRIMRE,20.3854,114.6859,PRIMRE,2025,2025,2025,2025:p97,OBS0088,Pilot observations (page + quoted evidence),grid_connected,Pilot; PRIMRE,PRJ0075,Nankun at Sea Trial - South China Sea,reviewed 2026-09-24: match,Active,Full-scale,https://doi.org/10.3390/en18174711,unreviewed,
P0063,“Dongbo No.1” 10 kW oscillating water column wave energy device,annual reports,Dongbo No.1,Dongbo No.1,Dongfang Electric Corporation,,China,China,wave,yes,,,under real sea conditions,10,Pilot (report),34.5412,108.9237,country,2025,2025,2025,2025:p98,OBS0089,Pilot observations (page + quoted evidence),operational,Pilot,PRJ0076,,,,,,unreviewed,
P0064,“Pusheng Marine Ranch No.1” semi-submersible aquaculture platform,annual reports,Pusheng Marine Ranch No.1,Pusheng Marine Ranch No.1,"Guangzhou Institute of Energy Conversion, Chinese Academy of Sciences",,China,China,wave,yes,,,"for promotion and application in Hainan, Guangdong, Fujian, Guangxi, and other regions",,,34.5412,108.9237,country,2025,2025,2025,2025:p100,OBS0096,Pilot observations (page + quoted evidence),unknown,Pilot,PRJ0078,,,,,,unreviewed,
P0065,“Mintou No.1” semi-submersible aquaculture platform,annual reports,Mintou No.1,Mintou No.1,"Guangzhou Institute of Energy Conversion, Chinese Academy of Sciences",,China,China,wave,yes,,,"for promotion and application in Hainan, Guangdong, Fujian, Guangxi, and other regions",,,34.5412,108.9237,country,2025,2025,2025,2025:p100,OBS0097,Pilot observations (page + quoted evidence),unknown,Pilot,PRJ0079,,,,,,unreviewed,
P0066,“Haiwei No.1” semi-submersible aquaculture platform,annual reports,Haiwei No.1,Haiwei No.1,"Guangzhou Institute of Energy Conversion, Chinese Academy of Sciences",,China,China,wave,yes,,,"for promotion and application in Hainan, Guangdong, Fujian, Guangxi, and other regions",,,34.5412,108.9237,country,2025,2025,2025,2025:p100,OBS0098,Pilot observations (page + quoted evidence),unknown,Pilot,PRJ0080,,,,,,unreviewed,
P0068,Wavepiston at DanWEC,annual reports,Wavepiston,Wavepiston,Wavepiston,,Denmark,Denmark,wave,yes,danwec,DanWEC,Wavepiston was re-Installed at DanWEC test site in Hanstholm during the summer of 2016.,,,57.12,8.6,test site,2016,2016,2016,2016:p78,OBS0102,Pilot observations (page + quoted evidence),installed,Pilot,PRJ0084,,,,,,unreviewed,
P0069,NEMOS at Nissum Bredning,annual reports,NEMOS | Nemos,NEMOS | Nemos,NEMOS (German),,Denmark,Denmark,wave,yes,danwec_nb,Nissum Bredning,The German wave energy system NEMOS is being tested at the sheltered DanWEC site in Nissum Bredning.,,,56.63,8.42,test site,2016,2016,2016,2016:p78,OBS0103,Pilot observations (page + quoted evidence),operational,Pilot,PRJ0085,,,,,,unreviewed,
P0070,Resen Waves Smart Power Buoy,annual reports,Resen Wave | Resen Waves | Resen Waves Small-scale Smart Power Buoy | Resen Waves sea testing at Nissum Bredning | Smart Power Buoy | Smart Power Buoys,Resen | Smart Power Buoy | Smart Power Buoys,Resen Waves,,Denmark,Denmark,wave,yes,danwec_nb,Nissum Bredning,Improve and document minimum 12 months of testing in sheltered water as well as in the North Sea to verify reliability.,,,56.63,8.42,test site,2016,2020,2016; 2020,2016:p79; 2020:p77,OBS0104; OBS0117,Pilot observations (page + quoted evidence),tank_testing,Pilot,PRJ0086,,,,,,unreviewed,
P0071,WEPTOS wave energy converter,annual reports,WEPTOS | WEPTOS 1 MW full-scale WEC | Weptos | Weptos prototype north of Brandsø,WEPTOS | Weptos,Weptos,,Denmark,Denmark,wave,yes,,,"Weptos plans the installation and testing of a prototype north of Brandsø, in Lillebælt, for a period of two years starting 2017.",1000,Pilot (report),55.3627,9.7266,PRIMRE,2016,2025,2016; 2020; 2025,2016:p79; 2020:p77; 2025:p105,OBS0105; OBS0118; OBS0125,Pilot observations (page + quoted evidence),design,Pilot; PRIMRE,PRJ0087,WEPTOS - Little Belt Strait,reviewed: fix coordinate (same site),Inactive,Full-scale,"https://www.weptos.com/post/weptos-timeline#:~:text=Phase_I_(2007_-_September_2011,were_optimised,_focusing_on_scalability.",unreviewed,
P0072,"Crestwing Tordenskiold, Kattegat",annual reports,Crest Wing | CrestWing | CrestWing installation in Kattegat | Crestwing | Crestwing Tordenskiold offshore test | Crestwing Tordenskiold relaunch | Tordenskiold | Tordenskjold,CrestWing | Crestwing | Crest Wing | Tordenskiold | Tordenskjold,CrestWing,Crestwing Tordenskiold,Denmark,Denmark,wave,yes,,,"Tordenskiold was towed back in Frederikshavn after the second offshore test phase (February-November 2020) near the Hirsholm Islands. [Overview: ""Crestwing was during 2020 testing a half scale WEC in Kattegat based on the principle of a hinged raft with an installed power of about 20 kW""]",20,Pilot (report),57.0480,11.4474,PRIMRE,2016,2025,2016; 2020; 2025,2016:p79; 2020:p78; 2025:p107,OBS0106; OBS0112; OBS0122,Pilot observations (page + quoted evidence),planned,Pilot; PRIMRE,PRJ0088,Crestwing Demonstration,reviewed 2026-09-24: match,Inactive,Full-scale,https://www.offshore-energy.biz/crestwing-wraps-up-tordenskiold-wave-prototype-testing/,unreviewed,
P0073,Wave Star full-scale 6 MW demonstration machine,annual reports,Wave Star | Wave Star Hanstholm prototype | Wave Star full-scale 6 MW machine | WaveStar | WaveStarEnergy | WaveStarEnergy bottom-fixed structure,WaveStar | Wave Star | WaveStarEnergy,WaveStarEnergy,,Denmark,Denmark,wave,yes,danwec,DanWEC,a scaled-up version of the prototype previously tested in the North Sea at DanWEC in Hanstholm (visited by the ExCo in 2012),6000,Pilot (report),57.12,8.6,test site,2016,2025,2016; 2020; 2025,2016:p75; 2020:p77; 2025:p105; 2025:p106,OBS0107; OBS0116; OBS0123; OBS0124,Pilot observations (page + quoted evidence),concept,Pilot,PRJ0089,,,,,,unreviewed,
P0074,Floating Power Plant P80 developments,annual reports,Dyfed | Dyfed Floating Energy Ltd - south Wales site | P80 | Katanes | Katanes Floating Energy Ltd - north Scotland site,P80 | Dyfed | Katanes,Floating Power Plant (FPP),,United Kingdom,Denmark,hybrid,yes,,,"creating two new project companies, Dyfed and Katanes Floating Energy Ltd, developing sites in south Wales and north Scotland respectively",,,51.6809,-3.1305,region,2016,2016,2016,2016:p75,OBS0108; OBS0109,Pilot observations (page + quoted evidence),planned,Pilot,PRJ0090 | PRJ0091,,,,,,unreviewed,reviewed 2026-09-24: merged P0075 (Floating Power Plant P80 developments)
P0076,Wave Dragon,annual reports,Maribe | Wave Dragon | Wave Dragon combined wave energy and seaweed production plant (Maribe),Maribe | Wave Dragon,Wave Dragon,,Denmark,Denmark,wave,yes,,,Wave Dragon developed a combined wave energy and seaweed production plant aimed at deployment in the Irish Sea,,,,,,2016,2016,2016,2016:p77,OBS0110,Pilot observations (page + quoted evidence),concept,Pilot,PRJ0092,,,,,,unreviewed,
P0077,"Wavepiston WEC at PLOCAN, Gran Canaria",annual reports,COHSI-WEC (component development project) | Fast Track to Innovation project | SME Phase 2 project | Wavepiston | Wavepiston WEC | Wavepiston WEC at PLOCAN | Wavepiston full-scale demonstration at PLOCAN | SHY (Wavepiston at PLOCAN) | SHY Project | Seawater HYdraulic PTO using dynamic passive controller for wave energy converters | W2EW (Wave to Energy & Water) | WAVEPISTON full scale device at PLOCAN | Wavepiston energy collectors / offshore test bench | Wavepiston full-scale test string at PLOCAN,~SME | ~SHY | W2EW | COHSI-WEC | Wavepiston | Fast Track | WAVEPISTON | Wavepiston WEC | Seawater HYdraulic,Wavepiston,,Spain,Denmark | Spain,wave,yes,plocan,PLOCAN,"Wavepiston has moved from the Danish test site DanWEC to the test site PLOCAN at Gran Canaria where several power modules will pump seawater to the PLOCAN platform. [...] In December 2020 the first system was installed at the PLOCAN test site, Gran Canaria.",,,27.99,-15.37,test site,2020,2025,2020; 2025,2020:p78; 2020:p152; 2025:p106; 2025:p188,OBS0113; OBS0448; OBS0119; OBS0456,Pilot observations (page + quoted evidence),operational,Pilot,PRJ0093 | PRJ0362,,,,,,unreviewed,reviewed 2026-09-24: merged P0295 (Wavepiston full-scale test string at PLOCAN)
P0078,"Exowave WEC demonstration, Hanstholm / Danish North Sea",annual reports,"EXOWAVE demonstration at DanWEC | Exowave | Exowave - 250 MW wave power in the Danish North Sea by 2030, Phase 1 | Exowave WEC | Exowave WEC Cell | Exowave, Water, Electricity and PtX",Exowave | EXOWAVE,EXOWAVE,ExoWave Cell,Denmark,Denmark,wave,yes,danwec,DanWEC,"The project is planned to be deployed near Hanstholm. The project 250 MW wave power in the Danish North Sea by 2030 - Phase 1 is funded by EUDP, EUR1.3m and aims at deploying a 100 kW prototype in the North Sea.",100,Pilot (report),57.12,8.6,test site,2020,2025,2020; 2025,2020:p78; 2025:p106,OBS0114; OBS0121,Pilot observations (page + quoted evidence),planned,Pilot; PRIMRE,PRJ0094,ExoWave North Sea Demonstration,reviewed 2026-09-24: match,Active,Full-scale,https://www.offshore-energy.biz/exowave-completes-factory-acceptance-test-of-its-wave-energy-system-video/,unreviewed,
P0079,Floating Power Plant P80 developments,annual reports,FPP | Floating Power Plant | Floating Power Plant - decarbonisation of oil & gas by floating renewables / full-scale PTO,~FPP | Floating Power Plant P80,Floating Power Plant (FPP),,Denmark,Denmark,hybrid,yes,,,,2500,Pilot (report),,,,2020,2020,2020,2020:p77,OBS0115,Pilot observations (page + quoted evidence),design,Pilot,PRJ0095,,,,,,unreviewed,
P0080,SEAWORTHY,annual reports,Sustainable dispatchable Energy enabled by wAve-Wind OffshoRe plaTforms with onboard HYdrogen | PNS-P2X | Sustainable dispatchable Energy enabled by wAve-Wind OffshoRe plaTforms with on-board Hydrogen,PNS-P2X | SEAWORTHY,Floating Power Plant (DK),,Spain,Denmark | European Commission,hybrid,yes,plocan,PLOCAN,"The platform is set to be installed at the PLOCAN test site off the coast of Las Palmas, Gran Canaria, Spain, making it the world's first offshore renewable energy-based ""green energy on demand solution"".",4300,Pilot (report),27.99,-15.37,test site,2025,2025,2025,2025:p105; 2025:p119,OBS0120; OBS0152,Pilot observations (page + quoted evidence),planned,Pilot,PRJ0096 | PRJ0123,,,,,,unreviewed,reviewed 2026-09-24: merged P0103 (SEAWORTHY)
P0081,Wave Dragon,annual reports,Wave Dragon | Wave Dragon 3 MW wave power project at PLOCAN,Wave Dragon,Wave Dragon,,Spain,Denmark,hybrid,yes,plocan,PLOCAN,Wave Dragon is focusing on the development of a 3MW wave power project at Gran Canaria's PLOCAN.,3000,Pilot (report),27.99,-15.37,test site,2025,2025,2025,2025:p105,OBS0126,Pilot observations (page + quoted evidence),design,Pilot,PRJ0097,,,,,,unreviewed,
P0082,OceanSwellEnergy ship conversion concept,annual reports,OceanSwellEnergy,OceanSwellEnergy,OceanSwellEnergy,,Denmark,Denmark,wave,yes,,,,,,,,,2025,2025,2025,2025:p106,OBS0127,Pilot observations (page + quoted evidence),concept,Pilot,PRJ0098,,,,,,unreviewed,
P0083,Sound of Islay,annual reports,,Sound of Islay,Tidal Power Scotland Ltd (TPSL),,United Kingdom,European Commission,tidal stream,yes,,,UK | Tidal | Sound of Islay | 20.65 | Planned,10000,PRIMRE,55.7831,-6.8778,PRIMRE,2016,2016,2016,2016:p82; 2016:p158,OBS0128; OBS0501,Pilot observations (page + quoted evidence),planned,Pilot; PRIMRE,PRJ0099 | PRJ0400,Sound of Islay,reviewed 2026-09-24: match,Inactive,Full-scale,https://tethys.pnnl.gov/project-sites/sound-islay-demonstration-tidal-array,unreviewed,reviewed 2026-09-24: merged P0329 (same project)
P0084,Stroma/MeyGen phase 1B (Kyle Rhea),annual reports,Kyle Rhea | MeyGen phase 1B | Stroma,Kyle Rhea | Stroma/MeyGen,Atlantis Resources LTD,SAE SeaGen-S,United Kingdom,European Commission,tidal stream,yes,,,Stroma/MeyGen phase 1B (Kyle Rhea),8000,PRIMRE,56.9502,-5.5939,PRIMRE,2016,2016,2016,2016:p82,OBS0129,Pilot observations (page + quoted evidence),planned,Pilot; PRIMRE,PRJ0100,Seagen Kyle Rhea,reviewed 2026-09-24: match (Kyle Rhea),Inactive,Full-scale,https://www.sas.org.uk/wp-content/uploads/Kyle-Rhea.pdf,unreviewed,
P0085,Nemo,annual reports,,Nemo,,NEMO OTEC,France,European Commission,OTEC,yes,,,FR | OTEC | Nemo | 72 | Planned - To be installed in Martinique,16000,PRIMRE,14.6204,-60.9965,PRIMRE,2016,2016,2016,2016:p82,OBS0130,Pilot observations (page + quoted evidence),planned,Pilot; PRIMRE,PRJ0101,New Energy for Martinique and Overseas NEMO,reviewed 2026-09-24: match,Inactive,Full-scale,https://oceanenergy-europe.eu/wp-content/uploads/2018/01/ocn_-_nemo_-_fr_-_2016_factsheet_0.pdf,unreviewed,
P0086,Swell,annual reports,,SWELL,,,Portugal,European Commission,wave,yes,,,PT | Wave | Swell | 9.1 | Planned,,,39.6622,-8.1354,country,2016,2016,2016,2016:p82,OBS0131,Pilot observations (page + quoted evidence),planned,Pilot,PRJ0102,,,,,,unreviewed,
P0088,WaveRoller (AW-Energy EU demonstration project),annual reports,WaveRoller | WaveRoller Wave Farm Scale-Up - Preparing to deploy the world's first commercial wave energy farm | Wavefarm,Wavefarm | WaveRoller | WaveRoller Wave Farm Scale-Up,AW-Energy (Finland),,European Commission,European Commission,wave,yes,,,PT / FI | WaveRoller | 10 (3PT & 7 FI) | 06/07/2016,,,,,,2016,2020,2016; 2020,2016:p82; 2020:p83,OBS0133; OBS0141,Pilot observations (page + quoted evidence),planned,Pilot,PRJ0104 | PRJ0112,,,,,,unreviewed,reviewed 2026-09-24: merged P0092 (WaveRoller (AW-Energy EU demonstration project))
P0089,WaveBoost (Advanced Braking Module with Cyclic Energy Recovery System),annual reports,Advanced Braking Module with Cyclic Energy Recovery System (CERS) for enhanced reliability and performance of Wave Energy Converters | Corpower WEC | WaveBoost | CorPower wave energy converter | POWER-Farm EU | Powerfarm EU | Proving Offshore Wave EneRgy Farms in Europe,~CERS | Corpower | CorPower | WaveBoost | Corpower WEC | Powerfarm EU | POWER-Farm EU | Advanced Braking,Corpower,,United Kingdom,European Commission,wave,yes,emec,EMEC,The first Corpower WEC is to be tested in EMEC next year (TRL6),2500,Pilot (report),58.963,-3.296,test site,2016,2025,2016; 2025,2016:p83; 2025:p112,OBS0134; OBS0142,Pilot observations (page + quoted evidence),planned,Pilot,PRJ0105 | PRJ0113,,,,,,unreviewed,reviewed 2026-09-24: merged P0093 (WaveBoost (Advanced Braking Module with Cyclic Energy Recove)
P0090,DEMOTIDE,annual reports,DEMOnstration for Tidal Industry DErisking | MCT SeaGen U,DEMOTIDE | MCT SeaGen U,DEME Blue energy,,United Kingdom,European Commission,tidal stream,yes,,,at the MeygGen 1B site in Scotland,6000,Pilot (report),56.7861,-4.1141,region,2016,2016,2016,2016:p83,OBS0135,Pilot observations (page + quoted evidence),planned,Pilot,PRJ0106,,,,,,unreviewed,
P0091,Upwave,annual reports,,Upwave,Wavestar,,European Commission,European Commission,wave,yes,,,,,,,,,2016,2016,2016,2016:p83,OBS0136,Pilot observations (page + quoted evidence),cancelled,Pilot,PRJ0107,,,,,,unreviewed,
P0094,ONDEP,annual reports,Ondas De Peniche | WaveRoller,ONDEP | WaveRoller | Ondas De Peniche,AW Energy,,Portugal,European Commission,wave,yes,,,"It will establish a 2MW wave energy farm in Peniche, Portugal, featuring four WaveRoller(R) units",2000,Pilot (report),39.3569,-9.3787,place,2025,2025,2025,2025:p115,OBS0143,Pilot observations (page + quoted evidence),planned,Pilot,PRJ0114,,,,,,unreviewed,
P0095,EURO-TIDES,annual reports,"EUROpean Tidal energy pilot farm focused on Industrial Design, Environmental mitigation and Sustainability | Orbital tidal energy device",EUROpean | EURO-TIDES,Orbital Marin Power Ltd (UK),,European Commission,European Commission,tidal stream,yes,,,,9600,Pilot (report),,,,2025,2025,2025,2025:p116,OBS0144,Pilot observations (page + quoted evidence),planned,Pilot,PRJ0115,,,,,,unreviewed,
P0096,SEASTAR,annual reports,Sustainable European Advanced Subsea Tidal Array,SEASTAR | Sustainable European Advanced Subsea,Nova Innovation Ltd,,United Kingdom,European Commission | Ireland | United Kingdom,tidal stream,yes,emec,EMEC,at the EMEC Fall of Warness tidal site in Orkney,4000,Pilot (report),58.963,-3.296,test site,2025,2025,2025,2025:p116; 2025:p134; 2025:p220,OBS0145; OBS0234; OBS0541,Pilot observations (page + quoted evidence),planned,Pilot,PRJ0116 | PRJ0190 | PRJ0429,,,,,,unreviewed,reviewed 2026-09-24: merged P0160 (SEASTAR); reviewed 2026-09-24: merged P0349 (SEASTAR)
P0097,WEDUSEA,annual reports,OE35 | Wave Energy Demonstration at utility Scale to Enable Arrays | Wave Energy Demonstration at Utility Scale to Enable Arrays | WEDUSEA | OceanEnergy OE35 at EMEC (WEDUSEA),OE35 | WEDUSEA,New Wave Technologies Ltd (Ocean Energy),,United Kingdom,European Commission | Ireland | United Kingdom,wave,yes,emec,EMEC,"at the European Marine Energy Test Site (EMEC) in Orkney, Scotland",1000,Pilot (report),58.963,-3.296,test site,2025,2025,2025,2025:p117; 2025:p136; 2025:p225,OBS0146; OBS0232; OBS0544,Pilot observations (page + quoted evidence),under_construction,Pilot,PRJ0117 | PRJ0188 | PRJ0432,,,,,,unreviewed,reviewed 2026-09-24: merged P0158 (WEDUSEA); reviewed 2026-09-24: merged P0352 (OceanEnergy OE35 at EMEC (WEDUSEA))
P0098,EU-SCORES,annual reports,European Scalable Complementary Offshore Renewable Energy Sources,EU-SCORES,Corpower,,Portugal,European Commission,multiple,yes,,,"An offshore photovoltaic system will be installed in Belgium co-located with a bottom-fixed wind farm, and a wave energy array in Portugal co-located with a floating wind farm.",,,39.6622,-8.1354,country,2025,2025,2025,2025:p117,OBS0147,Pilot observations (page + quoted evidence),planned,Pilot,PRJ0118,,,,,,unreviewed,
P0100,FLOWATT,annual reports,FloWatt,FLOWATT | FloWatt,Hydroquest,,France,European Commission,tidal stream,yes,,,in French waters at Raz Blanchard that contains 80% of EU's tidal Stream Energy,17000,Pilot (report),49.5816,-1.9422,PRIMRE,2025,2025,2025,2025:p118; 2025:p126,OBS0149; OBS0188,Pilot observations (page + quoted evidence),planned,Pilot; PRIMRE,PRJ0120 | PRJ0152,FloWatt,reviewed 2026-09-24: match,Active,Full-scale,https://www.flowatt.fr/,unreviewed,reviewed 2026-09-24: merged P0125 (same project)
P0101,VianaWave,annual reports,Accelerating the transition to net zero with large-scale generation of clean electricity from ocean waves | CorPower Wave Energy Converter | VianaWave 10 MW pre-commercial project,CorPower | VianaWave,Corpower ocean,,Portugal,European Commission | Portugal,wave,yes,,,The farm will be located of the coast of Portugal.,10000,Pilot (report),39.6622,-8.1354,country,2025,2025,2025,2025:p118; 2025:p165,OBS0150; OBS0366,Pilot observations (page + quoted evidence),planned,Pilot,PRJ0121 | PRJ0298,,,,,,unreviewed,reviewed 2026-09-24: merged P0246 (VianaWave)
P0102,SAO,annual reports,Saoirse wave energy project | The Saoirse Wave Energy Project | SAO | Saoirse Wave Energy Project,~SAO | Saoirse,Corpower ocean,,Ireland,European Commission | Ireland,wave,yes,,,"will be located off the west coast of Clare, and consist of a 5MW wave energy conversion array of approximately 15-16 wave energy units, some 4 kilometers from the coast",5000,Pilot (report),52.8573,-8.9374,region,2025,2025,2025,2025:p119; 2025:p134,OBS0151; OBS0233,Pilot observations (page + quoted evidence),planned,Pilot,PRJ0122 | PRJ0189,,,,,,unreviewed,reviewed 2026-09-24: merged P0159 (Saoirse Wave Energy Project)
P0104,SeaQurrent installation,annual reports,SeaQurrent,SeaQurrent,SeaQurrent,,Netherlands,European Commission,tidal stream,yes,,,a 0.5 MW SeaQurrent installation in the Netherlands,500,Pilot (report),52.2435,5.6343,country,2025,2025,2025,2025:p120,OBS0153,Pilot observations (page + quoted evidence),installed,Pilot,PRJ0124,,,,,,unreviewed,
P0105,Rance tidal range barrage,annual reports,Rance,La Rance | Rance,,,France,France,tidal range,yes,,,the operational tidal range barrage of 240 MW of the Rance river running since 1966,240000,Pilot (report),48.2968,-2.1351,region,2016,2016,2016,2016:p84,OBS0158,Pilot observations (page + quoted evidence),operational,Pilot,PRJ0128,,,,,,unreviewed,
P0106,Floatgen,annual reports,FP7 Floatgen project,Floatgen,Ideol,,France,France,other,no,sem_rev,SEM-REV,"Projects currently deployed on the test site (2016 to 2018): FP7 Floatgen project (Ideol, Bouygues, Un of Stuttgart, RSK, ECN, Zabala): 2-year test of a floating wind turbine based on a concrete floater, a synthetic rope mooring system and a first dynamic umbilical",,,47.24,-2.78,test site,2016,2016,2016,2016:p87,OBS0160,Pilot observations (page + quoted evidence),installed,Pilot,PRJ0130,,,,,,unreviewed,
P0107,IHES,annual reports,BPI France IHES project | Pywec PTO,~IHES | Pywec,GEPS Techno,,France,France,wave,yes,sem_rev,SEM-REV,"Projects currently deployed on the test site (2016 to 2018): BPI France IHES project (Geps, Ifremer, ECN, Icam, SNEF): 2-year test of a new floating WEC concept including the new Pywec PTO (developed by Pytheas).",,,47.24,-2.78,test site,2016,2016,2016,2016:p87,OBS0161,Pilot observations (page + quoted evidence),installed,Pilot,PRJ0131,,,,,,unreviewed,
P0108,Sabella D10 tidal turbine at Ushant (Ouessant),annual reports,D10 | D10-1000 | SABELLA D10 | SABELLA D10-1000 redeployment at Ushant | Sabella D10 - Ouessant,D10 | Ouessant | D10-1000,Sabella,Sabella D10,France,France,tidal stream,yes,,,D10 - Ouessant ... Qualification of SABELLA for the ICE project (Interreg trans-English Channel Brittany/Cornwall) for the use of the D10 tidal turbine for 2 to 3 years in the Fromveur current (Brittany).,1000,PRIMRE,48.4594,-5.0802,PRIMRE,2016,2020,2016; 2020,2016:p88; 2020:p92,OBS0163; OBS0177,Pilot observations (page + quoted evidence),planned,Pilot; PRIMRE,PRJ0133,Sabella D10 tidal turbine at Ushant Island - Phase 1 | Sabella D10 tidal turbine at Ushant Island - Phase 2 | Sabella D10 tidal turbine at Ushant Island - Phase 3,auto (high confidence) | reviewed 2026-09-24: phase of this project,Inactive | Active,Full-scale,https://www.sabella.bzh/en/our-projects/d10/ | https://www.sabella.bzh/wp-content/uploads/d10_recovery_april_2019.pdf | https://www.sabella.bzh/wp-content/uploads/sabella_d10_smoothing_function_final.pdf,unreviewed,
P0109,Hydroquest River 1.40,annual reports,Hydroquest River 1.40,Hydroquest River,Hydroquest,,France,France,river current,yes,,,Hydroquest River 1.40 is the only grid connected fluvial hydrokinetic turbine in operation in France (2 years).,40,Pilot (report),46.6034,1.8883,country,2016,2016,2016,2016:p88,OBS0164,Pilot observations (page + quoted evidence),grid_connected,Pilot,PRJ0134,,,,,,unreviewed,
P0110,Guinard Energies Poseide deployment off Guyana,annual reports,Poseide | Poseide (MegaWattBlue design),Poseide,Guinard Energies,,Guyana,France,tidal stream,yes,,,"In 2016, Guinard Energies successfully deployed its Poseide on site power measurement device based on the MegaWattBlue design in the waters off Guyana.",,,4.8417,-58.6417,country,2016,2016,2016,2016:p88,OBS0166,Pilot observations (page + quoted evidence),installed,Pilot,PRJ0136,,,,,,unreviewed,
P0111,Normandie Hydro,annual reports,OpenHydro tidal turbine,OpenHydro | Normandie Hydro,DCNS,,France,France,tidal stream,yes,,,the Normandie Hydro tidal turbine pilot farm project located in the Raz Blanchard tidal race,14000,Pilot (report),46.6034,1.8883,country,2016,2016,2016,2016:p89,OBS0167,Pilot observations (page + quoted evidence),under_construction,Pilot,PRJ0137,,,,,,unreviewed,
P0112,"Guinard Energies MegaWattBlue demonstration, Ria d'Etel",annual reports,MegaWattBlue | MegaWattBlue tidal demonstration turbine,MegaWattBlue,Guinard Energies,,France,France,tidal stream,yes,,,"In 2017, the 250 kW MegaWattBlue tidal demonstration turbine will be deployed in the Ria d'Etel (South Brittany).",250,Pilot (report),47.6579,-3.1972,place,2016,2016,2016,2016:p89,OBS0168,Pilot observations (page + quoted evidence),planned,Pilot,PRJ0138,,,,,,unreviewed,
P0113,OceanQuest - HydroQuest 1 MW tidal turbine at Paimpol-Brehat,annual reports,HydroQuest 1 MW marine tidal turbine | HydroQuest 1 MW marine tidal turbine prototype | Hydroquest demonstrator at Paimpol-Brehat | Hydroquest demonstrator turbine | OceanQuest | OceanQuest (HydroQuest 1 MW turbine at Paimpol-Brehat),OceanQuest | ~HydroQuest | ~Hydroquest,HYDROQUEST,,France,France,tidal stream,yes,paimpol_brehat,Paimpol-Brehat,"The turbine was deployed at the Paimpol-Brehat site in the spring of 2019, with the first MWh exported to the grid in June 2019.",1000,Pilot (report),48.88,-3.0,test site,2016,2020,2016; 2020,2016:p89; 2020:p91,OBS0169; OBS0175,Pilot observations (page + quoted evidence),grid_connected,Pilot,PRJ0139,,,,,,unreviewed,
P0114,Wavegem,annual reports,Wavegem,Wavegem,GEPS Techno,,France,France,hybrid,yes,sem_rev,SEM-REV,Wavegem hybrid wave-solar platform at SEM-REV,150,Pilot (report),47.24,-2.78,test site,2020,2020,2020,2020:p91,OBS0171,Pilot observations (page + quoted evidence),operational,Pilot,PRJ0140,,,,,,unreviewed,
P0115,Design Pro Renewables tidal turbine at SEENEOH,annual reports,Design Pro energy converter,Design Pro,Design Pro Renewables,,France,France,tidal stream,yes,seeneoh,SEENEOH,The SEENEOH test site on the Garonne river in Bordeaux is therefore fully representative of the targeted operational environment.,,,44.87,-0.55,test site,2020,2020,2020,2020:p91,OBS0173,Pilot observations (page + quoted evidence),operational,Pilot,PRJ0141,,,,,,unreviewed,
P0116,MINESTO demonstration at Paimpol-Brehat (TIGER),annual reports,Deep Green | TIGER - Tidal Stream Industry Energiser Project | Minesto deployment at Paimpol-Bréhat (TIGER),TIGER | MINESTO | Minesto | Deep Green,Minesto,,France,France | Sweden,tidal stream,yes,paimpol_brehat,Paimpol-Brehat,"Paimpol-Brehat (North of Brittany), whose transition towards an open test site for different tidal turbine technologies is managed by EDF, BDI and SEENEOH, will invite MINESTO for demonstration",100,Pilot (report),48.88,-3.0,test site,2020,2020,2020,2020:p90; 2020:p159,OBS0176; OBS0476,Pilot observations (page + quoted evidence),planned,Pilot,PRJ0142 | PRJ0380,,,,,,unreviewed,reviewed 2026-09-24: merged P0311 (Minesto deployment at Paimpol-Bréhat (TIGER))
P0117,PHARES,annual reports,,PHARES,SABELLA,,France,France,tidal stream,yes,,,"the two tidal turbines to be deployed in the framework of the PHARES project, a multi-energy project for the non-grid connected Ushant Island",,,48.4593,-5.0906,place,2020,2020,2020,2020:p89,OBS0178,Pilot observations (page + quoted evidence),planned,Pilot,PRJ0143,,,,,,unreviewed,
P0118,"Sabella / Morbihan Hydro Energies tidal turbines, Gulf of Morbihan",annual reports,Morbihan Gulf TIGER site,~Morbihan,SABELLA,,France,France,tidal stream,yes,,,"Morbihan Gulf (South of Brittany), on a site consented in 2020, where Sabella will deploy two 250 kW turbines.",250,Pilot (report),47.5977,-2.7533,region,2020,2020,2020,2020:p90,OBS0179,Pilot observations (page + quoted evidence),consented,Pilot,PRJ0144,,,,,,unreviewed,
P0119,HYDROQUEST Raz-Blanchard pilot farm,annual reports,Raz Blanchard multi-MW deployment (TIGER) | next generation tidal turbines,TIGER,HYDROQUEST,,France,France,tidal stream,yes,,,"HYDROQUEST and its partners are now developing a 17.5MW pilot farm at the Raz-Blanchard (Normandy, France), one of the most powerful tidal energy sites in the world.",17500,Pilot (report),49.0678,0.3139,region,2020,2020,2020,2020:p92,OBS0180,Pilot observations (page + quoted evidence),planned,Pilot,PRJ0145,,,,,,unreviewed,
P0120,EEL ENERGY prototype at Gravelines,annual reports,EEL prototype,~EEL,EEL ENERGY,,France,France,river current,yes,,,EEL ENERGY has pursued its tests on its 3 kW bio-inspired membrane-based prototype in a channel serving as water output for an industrial fish farm in Gravelines (North of France).,3,Pilot (report),50.9871,2.1273,place,2020,2020,2020,2020:p90,OBS0181,Pilot observations (page + quoted evidence),operational,Pilot,PRJ0146,,,,,,unreviewed,
P0121,GUINARD Energies Nouvelles isolated-community tidal deployments,annual reports,,GUINARD Energies Nouvelles,GUINARD Energies Nouvelles,,France,France,tidal stream,yes,,,"GUINARD Energies Nouvelles is pursuing a policy of developing their tidal energy technology in isolated community markets, and particularly along rivers and estuaries such as the Ria d'Etel in France, Togo and French Guyana.",,,47.6579,-3.1972,place,2020,2020,2020,2020:p92,OBS0182,Pilot observations (page + quoted evidence),unknown,Pilot,PRJ0147,,,,,,unreviewed,
P0122,Seaturns quarter-scale wave energy converter demonstrator,annual reports,Seaturns,Seaturns,Seaturns,,France,France,wave,yes,portzic,IFREMER open sea test site,The demonstrator at scale 1/4 of the Wave Energy Converter developed by the company Seaturns and initially deployed between October 2023 and September 2024 on the IFREMER open sea test site was redeployed until February 2025 to complete the assessment of the system.,,,48.36,-4.55,test site,2025,2025,2025,2025:p125,OBS0185,Pilot observations (page + quoted evidence),retrieved,Pilot,PRJ0149,,,,,,unreviewed,reviewed 2026-09-24: test site linked from the Pilot's site name (IFREMER open sea test site - likely Sainte-Anne du Portzic)
P0123,Seaturns full-scale demonstrator,annual reports,Seaturns,Seaturns,Seaturns,,France,France,wave,yes,,,,200,Pilot (report),45.5355,-1.0880,PRIMRE,2025,2025,2025,2025:p125,OBS0186,Pilot observations (page + quoted evidence),fabrication,Pilot; PRIMRE,PRJ0150,Seaturns S1 demonstration,reviewed: match,Active,Full-scale,https://seaturns.com/en/seaturns-validates-the-deployment-of-its-demonstrator-in-the-atlantic-and-announces-a-collaboration-with-esb-irelands-leading-energy-company/,unreviewed,
P0124,Dikwe,annual reports,Dikwe project,Dikwe | Wave-Op,Legendre Group,Dikwe Breakwater WEC,France,France,wave,yes,,,The installation of the 330-kW demonstrator to be integrated into the breakwater protecting the port of Boulogne-sur-Mer (France) is scheduled for early 2026.,330,Pilot (report),50.7249,1.5803,PRIMRE,2025,2025,2025,2025:p125,OBS0187,Pilot observations (page + quoted evidence),under_construction,Pilot; PRIMRE,PRJ0151,Wave-Op - Dikwe project,reviewed 2026-09-24: match,Active,Full-scale,"https://www.wave-op.com/a-propos/#:~:text=months_in_2022.-,Demonstration_phase,-A_major_milestone",unreviewed,
P0127,Mega Sete,annual reports,Mega Sete project,Mega Sete,SolarInBlue,,France,France,other,no,,,"This pre-commercial demonstrator, with a capacity of 1 MW, will be installed to supply the port of Sete-Frontignan with carbon-free electricity.",1000,Pilot (report),43.4233,3.7087,place,2025,2025,2025,2025:p127,OBS0190,Pilot observations (page + quoted evidence),planned,Pilot,PRJ0154,,,,,,unreviewed,
P0128,TRITON,annual reports,TRITON | TRITON semi-submersible tidal power platform | TidalPower,TRITON | TidalPower,SCHOTTEL HYDRO,,Canada,Germany,tidal stream,yes,force,FORCE,"the FORCE tidal research centre at the Bay of Fundy, Canada",2500,Pilot (report),45.37,-64.43,test site,2016,2016,2016,2016:p91,OBS0191,Pilot observations (page + quoted evidence),fabrication,Pilot,PRJ0155,,,,,,unreviewed,
P0129,MeyGen project (ANDRITZ HYDRO HS1000 turbine delivery),annual reports,HS1000 | MeyGen,HS1000,ANDRITZ HYDRO,,Germany,Germany,tidal stream,yes,,,MeyGen project,,,,,,2016,2016,2016,2016:p91,OBS0192,Pilot observations (page + quoted evidence),fabrication,Pilot,PRJ0156,,,,,,unreviewed,
P0130,"NEMOS 1:5 test device, Nissum Bredning",annual reports,NEMOS 1:5 test device | NEMOS wave energy converter,NEMOS | NEMOS 1:5,NEMOS GmbH,,Denmark,Germany,wave,yes,danwec_nb,Nissum Bredning Test Station for Wave Energy,"the Nissum Bredning Test Station for Wave Energy, Denmark",,,56.63,8.42,test site,2016,2016,2016,2016:p91,OBS0193,Pilot observations (page + quoted evidence),operational,Pilot,PRJ0157,,,,,,unreviewed,
P0131,"SINN Power wave energy modules, breakwater of the port of Heraklion (Iraklio), Crete",annual reports,"Heraklion | Heraklion wave power module | Iraklio | SINN Power wave energy modules at the breakwater of the port of Iraklio | SINN Power wave power module, Port of Heraklion | SINN PowerTrain 3.4 | Testing of a Modular Concept for the Generation of Grid Conform Electricity from Irregular Ocean Waves in a Generator Array",~SINN | Iraklio | Heraklion | SINN PowerTrain,SINN Power GmbH,,Greece,Germany,wave,yes,,,"Their energy system at a breakwater at the port of Iraklio, Greece, now consists of several wave energy module prototypes, each equipped with up to eight self-developed generators with integrated power electronics, the SINN PowerTrain 3.4.",80,PRIMRE,35.7251,24.9688,PRIMRE,2016,2020,2016; 2020,2016:p91; 2020:p95,OBS0194; OBS0200,Pilot observations (page + quoted evidence),operational,Pilot; PRIMRE,PRJ0158,SINN Power Crete,reviewed 2026-09-24: match,Active,Full-scale,https://www.altenergymag.com/news/2018/06/12/wave-energy-converter-installation-in-heraklion-first-preparation-phase-successfully-completed/28709/,unreviewed,
P0133,PLAT-I 6.40,annual reports,PLAT-I 6.40 | second-generation PLAT-I platform,PLAT-I | PLAT-I 6.40 | Sustainable Marine Grand Passage,SCHOTTEL HYDRO,,Canada,Germany,tidal stream,yes,force,FORCE (Fundy Ocean Research Center for Energy),"The new platform will be connected to the grid in Grand passage in early 2021 and later in the year moved to the Fundy Ocean Research Center for Energy (FORCE) in Nova Scotia, Canada, as the first unit of a 1.26 MW floating array project.",420,Pilot (report),45.37,-64.43,test site,2020,2020,2020,2020:p94,OBS0196,Pilot observations (page + quoted evidence),fabrication,Pilot; PRIMRE,PRJ0160,Sustainable Marine Grand Passage - Phase 2,reviewed 2026-09-24: relinked from PLAT-I Connel Sound,Inactive,Full-scale,https://energy.novascotia.ca/sites/default/files/files/12__MRE_Permit_Section_12_0_SMEC_Grand_Passage_Supporting_Documents_REVISION_14NOV2019.pdf,unreviewed,
P0135,Orbital O2-2000 at EMEC,annual reports,O2 2000 | O2-2000,O2 2000 | O2-2000,Orbital Marine Power,,United Kingdom,Germany,tidal stream,yes,emec,EMEC (European Marine Energy Centre),the European Marine Energy Centre (EMEC) in Orkney,2000,Pilot (report),58.963,-3.296,test site,2020,2020,2020,2020:p95,OBS0198,Pilot observations (page + quoted evidence),fabrication,Pilot,PRJ0162,,,,,,unreviewed,
P0136,Orbital SR2000 at EMEC,annual reports,SR2000 | SR2000-2MW,SR2000 | SR2000-2MW,Orbital Marine Power,,United Kingdom,Germany,tidal stream,yes,emec,EMEC,"the SR2000-2MW unit, which produced an excess of 3 GWh of electricity over its initial 12-month continuous test programme at EMEC",2000,Pilot (report),58.963,-3.296,test site,2020,2020,2020,2020:p94,OBS0199,Pilot observations (page + quoted evidence),unknown,Pilot,PRJ0163,,,,,,unreviewed,
P0137,"SINN Power Ocean Hybrid Platform (OHP), port of Iraklio",annual reports,OHP | Ocean Hybrid Platform (OHP),~OHP | ~SINN,SINN Power GmbH,,Greece,Germany,hybrid,yes,,,"the port of Iraklio, Greece",,,35.3391,25.1333,place,2020,2020,2020,2020:p95,OBS0201,Pilot observations (page + quoted evidence),installed,Pilot,PRJ0164,,reviewed 2026-09-24: rejected 'SINN Power Crete',,,,unreviewed,PRIMRE SINN Power Crete is the breakwater modules (P0131)
P0138,"Strom-Boje 3.2, St. Goar",annual reports,MittelrheinStrom hydro energy farm at St. Goar | Strom-Boje 3.2,Strom-Boje | Strom-Boje 3.2 | MittelrheinStrom,MittelrheinStrom 560 KG,,Germany,Germany,river current,yes,,,"the Rhein river at St. Goar, Germany",70,Pilot (report),50.1500,7.7167,place,2020,2020,2020,2020:p96,OBS0202,Pilot observations (page + quoted evidence),installed,Pilot,PRJ0165,,,,,,unreviewed,
P0139,Strom-Boje (earlier version) in the Donau river,annual reports,Strom-Boje,Strom-Boje,Aqua Libre,,Germany,Germany,river current,yes,,,the Donau river,,,,,,2020,2020,2020,2020:p96,OBS0203,Pilot observations (page + quoted evidence),operational,Pilot,PRJ0166,,,,,,unreviewed,
P0140,Backward bent ducted buoy (BBDB) with unidirectional impulse turbine,annual reports,BBDB | BBDB sea trial with φ 196 mm UDI turbine | BBDB with unidirectional impulse (UDI) turbine,~UDI | ~BBDB,National Institute of Ocean Technology (NIOT),,India,India,wave,yes,,,off Chennai coast,,,13.0837,80.2702,place,2016,2016,2016,2016:p93,OBS0204,Pilot observations (page + quoted evidence),operational,Pilot,PRJ0167,,,,,,unreviewed,
P0141,"NIOT wave-powered navigational buoy, Kamarajar Port, Chennai",annual reports,"Wave powered navigational buoy | Wave powered navigational buoy system, Kamarajar Port | wave powered navigational buoy | Wave powered navigational buoys for Andaman & Nicobar ports",~NIOT,National Institute of Ocean Technology (NIOT),NIOT Wave-powered Navigation Buoy,India,India,wave,yes,,,"in the navigational channel of Kamarajar Port, Chennai",0.1,PRIMRE,13.1023,80.2108,PRIMRE,2016,2020,2016; 2020,2016:p93; 2020:p98,OBS0205; OBS0212; OBS0213,Pilot observations (page + quoted evidence),planned,Pilot; PRIMRE,PRJ0168 | PRJ0175,NIOT Wave-powered Navigation Buoy Demo,reviewed 2026-09-24: match,Inactive,Full-scale,https://tethys-engineering.pnnl.gov/sites/default/files/publications/oes-spotlight-on-ocean-energy.pdf,unreviewed,"reviewed 2026-09-24: merged P0148 (NIOT wave-powered navigational buoy, Kamarajar Port, Chennai)"
P0142,Small rating marine hydrokinetic turbine,annual reports,Floating current turbine tested on Andamans,,National Institute of Ocean Technology (NIOT),,India,India,tidal stream,yes,,,open sea trials conducted in 2016 on Andaman Islands in the Bay of Bengal,,,12.6112,92.8317,place,2016,2016,2016,2016:p94,OBS0206,Pilot observations (page + quoted evidence),operational,Pilot,PRJ0169,,,,,,unreviewed,
P0143,Ocean current turbine module (scaled-up turbine),annual reports,scaled-up turbine,,National Institute of Ocean Technology (NIOT),,India,India,ocean current,yes,,,,1,Pilot (report),22.3511,78.6677,country,2016,2016,2016,2016:p95,OBS0207,Pilot observations (page + quoted evidence),planned,Pilot,PRJ0170,,,,,,unreviewed,
P0145,Minicoy low temperature thermal desalination (LTTD) plant,annual reports,Desalination plants in U.T. Lakshadweep using ocean thermal gradient | Minicoy Plant,~LTTD | Minicoy,National Institute of Ocean Technology (NIOT),,India,India,OTEC,yes,,,"Desalination plants in U.T. Lakshadweep using ocean thermal gradient / photo caption ""Minicoy Plant""",,,8.2952,73.0648,place,2016,2016,2016,2016:p95,OBS0209,Pilot observations (page + quoted evidence),operational,Pilot,PRJ0172,,,,,,unreviewed,
P0146,Agatti low temperature thermal desalination (LTTD) plant,annual reports,Agatti Plant | Desalination plants in U.T. Lakshadweep using ocean thermal gradient,~LTTD | Agatti,National Institute of Ocean Technology (NIOT),,India,India,OTEC,yes,,,"Desalination plants in U.T. Lakshadweep using ocean thermal gradient / photo caption ""Agatti Plant""",,,10.9479,72.3177,place,2016,2016,2016,2016:p95,OBS0210,Pilot observations (page + quoted evidence),operational,Pilot,PRJ0173,,,,,,unreviewed,
P0147,"OTEC-powered desalination plant, Kavaratti Island (Lakshadweep)",annual reports,"OTEC powered Desalination Plant at Kavaratti | OTEC powered desalination plant on an island in the Lakshadweep group | OTEC powered desalination plant, Kavaratti | OTEC-powered desalination plant, Kavaratti Island | large capacity OTEC and Desalination plant at Lakshadweep | onshore green renewable energy plant based on OTEC technology at Kavaratti Island | Desalination plants in U.T. Lakshadweep using ocean thermal gradient | Kavaratti Plant | Kavaratti low temperature thermal desalination (LTTD) plant | 10 MW closed-cycle OTEC power plant and 5 MLD open-cycle OTEC-powered offshore desalination plant | high-capacity offshore platform-mounted OTEC-powered desalination plant",~LTTD | Kavaratti | Lakshadweep | OTEC-powered,National Institute of Ocean Technology (NIOT),OTEC powered desalination plant at Kavaratti,India,India,OTEC,yes,,,an OTEC powered desalination plant on an island in the Lakshadweep group in the Arabian Sea; the design of an OTEC powered Desalination Plant at Kavaratti in the Union Territory of Lakshadweep has commenced,10000,Pilot (report),10.5836,72.6028,PRIMRE,2016,2025,2016; 2020; 2025,2016:p94; 2016:p95; 2020:p97; 2025:p129,OBS0208; OBS0211; OBS0214; OBS0216; OBS0217,Pilot observations (page + quoted evidence),design,Pilot; PRIMRE,PRJ0174 | PRJ0171 | PRJ0177,Kavaratti OTEC Powered LTTD Desalination Plant,reviewed 2026-09-24: match,Active,Full-scale,https://www.pib.gov.in/PressNoteDetails.aspx?id=155043&NoteId=155043&ModuleId=3&reg=3&lang=2,unreviewed,"reviewed 2026-09-24: merged P0144 (OTEC-powered desalination plant, Kavaratti Island (Lakshadwe); reviewed 2026-09-24: merged P0150 (OTEC-powered desalination plant, Kavaratti Island (Lakshadwe)"
P0149,Deep-sea OTEC demonstration project on a floating platform,annual reports,deep-sea demonstration project to generate energy and freshwater on a floating platform,,National Institute of Ocean Technology (NIOT),,India,India,OTEC,yes,,,"a deep-sea demonstration project to generate energy and freshwater on a floating platform using ocean thermal gradients ... at a water depth of about 1,200 metres",100,Pilot (report),22.3511,78.6677,country,2025,2025,2025,2025:p129,OBS0215,Pilot observations (page + quoted evidence),planned,Pilot,PRJ0176,,,,,,unreviewed,
P0151,"Hybrid renewable energy plant, Lakshadweep Islands",annual reports,hybrid renewable power plant utilizing floating solar and wind energy,,National Institute of Ocean Technology (NIOT),,India,India,other,no,,,the establishment of a hybrid renewable power plant utilizing floating solar and wind energy in the Lakshadweep Islands,,,10.8666,72.1944,region,2025,2025,2025,2025:p130,OBS0218,Pilot observations (page + quoted evidence),planned,Pilot,PRJ0178,,,,,,unreviewed,
P0152,GKinetic tidal energy device,annual reports,GKinetic Ltd.,GKinetic,GKinetic Ltd.,,Ireland,Ireland,tidal stream,yes,,,GKinetic conducted a series towing tests of a 1/10th scale version of the turbine system in Limerick Docks in late 2015,,,52.6582,-8.6456,place,2016,2016,2016,2016:p100,OBS0222,Pilot observations (page + quoted evidence),planned,Pilot,PRJ0182,,,,,,unreviewed,
P0153,SeaPower Platform,annual reports,SeaPower Ltd. | SeaPower Platform | SeaPower platform,~SeaPower,SeaPower Ltd.,,Ireland,Ireland,wave,yes,galway_bay,Galway Bay Marine and Renewable Energy Test Site,deployed to the quarter-scaled Galway Bay test site in November 2016,,,53.23,-9.27,test site,2016,2016,2016,2016:p100,OBS0223,Pilot observations (page + quoted evidence),operational,Pilot,PRJ0183,,,,,,unreviewed,
P0154,WestWave,annual reports,ESB's WestWave project,WestWave,ESB,,Ireland,Ireland | European Commission,wave,yes,,,"off the west coast of Ireland, at a site near Killard, Co. Clare",5000,Pilot (report),52.7446,-9.5557,place,2016,2016,2016,2016:p82; 2016:p100,OBS0132; OBS0224,Pilot observations (page + quoted evidence),planned,Pilot,PRJ0184 | PRJ0103,,,,,,unreviewed,reviewed 2026-09-24: merged P0087 (WestWave)
P0155,Ocean Energy half scale model at WETS,annual reports,New Wave Technology trading as Ocean Energy,,New Wave Technology (trading as Ocean Energy),,United States,Ireland,wave,yes,wets_us,WETS (US Navy Wave Energy Test Site),US Navy WETS facility in Hawaii,,,21.47,-157.75,test site,2020,2020,2020,2020:p105,OBS0227,Pilot observations (page + quoted evidence),planned,Pilot,PRJ0185,,,,,,unreviewed,
P0161,GEM - The Ocean's Kite,annual reports,"GEM | GEM project | GEM, The Ocean's Kite | GEM, the Ocean's Kite | GEM: The Ocean's Kite","~GEM | GEM, The Ocean's Kite | GEM, the Ocean's Kite | GEM: The Ocean's Kite",SeaPower s.c.r.l.,,Italy,Italy,tidal stream,yes,,,has been deployed nearby Venice in a very slow speed current of about 3 knots downscaling the power to 20 kW,100,Pilot (report),45.3473,12.2832,PRIMRE,2016,2020,2016; 2020,2016:p105; 2020:p113,OBS0236; OBS0254,Pilot observations (page + quoted evidence),installed,Pilot; PRIMRE,PRJ0192,GEMSTAR The Oceans Kite,auto (high confidence),Inactive,Full-scale,https://www.gemstar.it/,unreviewed,
P0162,"Kobold turbine (Enermar platform), Strait of Messina",annual reports,Enermar prototype | KOBOLD | KOBOLD turbine | Kobold | Kobold I | The Kobold Turbine,KOBOLD | Enermar | Kobold I | Kobold Turbine,"ADAG Group, Department of Industrial Engineering, University of Naples ""Federico II""",Kobold Marine Turbine,Italy,Italy,tidal stream,yes,,,"Mediterranean Sea (project table); ""A platform equipped with a Kobold turbine of the diameter of 6 m with three blades, built by the Ponte di Archimede Company, has been installed in the Strait of Messina in the year 2000""",30,Pilot (report),38.2416,15.6386,PRIMRE,2016,2020,2016; 2020,2016:p106; 2020:p113,OBS0237; OBS0253,Pilot observations (page + quoted evidence),operational,Pilot; PRIMRE,PRJ0193,Enermar Pilot Plant,reviewed 2026-09-24: match,Inactive,Full-scale,https://ravenna.ordingegneri.it/wp-content/uploads/sites/98/2023/11/Presentazione_Ing._Moroso.pdf,unreviewed,
P0163,Kobold prototype for Lomboc Island (Indonesian plant),annual reports,Kobold | The Indonesian plant,,Ponte di Archimede international Spa,Kobold Marine Turbine,Indonesia,Italy,tidal stream,yes,,,"will placed on the Lomboc Island (the island immediately at east of Bali), where it could feed energy to a small village",150,PRIMRE,-8.5331,115.8044,PRIMRE,2016,2016,2016,2016:p106,OBS0238,Pilot observations (page + quoted evidence),fabrication,Pilot; PRIMRE,PRJ0194,Kobold II Plant in Indonesia,reviewed 2026-09-24: match,Inactive,Full-scale,https://ravenna.ordingegneri.it/wp-content/uploads/sites/98/2023/11/Presentazione_Ing._Moroso.pdf,unreviewed,
P0164,REWEC3 U-OWC plant at the Port of Civitavecchia,annual reports,"REWEC | REWEC3 | REWEC3 @ Civitavecchia | REWEC3 at the Port of Civitavecchia | REsonant Wave Energy Converter (REWEC3) | Resonant Wave Converter, type3 | Resonant Wave Energy Converter | Rewec3",REWEC | REWEC3 | Rewec3 | REsonant | REWEC3 @ Civitavecchia | Resonant Wave Converter | Resonant Wave Energy Converter,University Mediterranea from Reggio Calabria,,Italy,Italy,wave,yes,,,"the deployment of two full-scale REWEC installations integrated into port breakwaters, located in the ports of Civitavecchia and Salerno, currently representing the main full-scale wave energy applications deployed in Italy",20,Pilot (report),42.0890,11.7694,PRIMRE,2016,2025,2016; 2020; 2025,2016:p103; 2020:p112; 2025:p149,OBS0239; OBS0246; OBS0268,Pilot observations (page + quoted evidence),installed,Pilot; PRIMRE,PRJ0195,REWEC3 in the Port of Civitavecchia,auto (high confidence),Inactive,Full-scale,https://www.proquest.com/docview/2115664255?pq-origsite=gscholar&fromopenview=true&sourcetype=Conference_Papers_&_Proceedings,unreviewed,
P0165,40South Energy H24 wave plant at Marina di Pisa (H-WEP 1),annual reports,40SOUTH PROJECT | H-WEP 1 | H24 | H24-50kW | Marina di Pisa H-WEP 1 | Marina di Pisa project,H24 | H-WEP | Marina di Pisa,40South Energy,H24wave | H24wave (2015),Italy,Italy,wave,yes,,,"Tyrrhenian Sea Marina di Pisa (project table); ""H-WEP 1 was first deployed off the coast of Marina di Pisa (Tuscany) by 40South Energy since September 2018""",50,Pilot (report),43.5747,10.0562,PRIMRE,2016,2020,2016; 2020,2016:p106; 2020:p112,OBS0240; OBS0252,Pilot observations (page + quoted evidence),operational,Pilot; PRIMRE,PRJ0196,Marina di Pisa,reviewed 2026-09-24: match,Active,Full-scale,https://www.offshore-energy.biz/marina-di-pisa-project-to-make-waves-off-italy/,unreviewed,
P0166,ISWEC full-scale prototype at Pantelleria,annual reports,ISWEC | ISWEC PROJECT | ISWEC demonstration | Inertial Sea Wave Energy Converter | first full-scale ISWEC prototype,ISWEC | ISWEC PROJECT | ISWEC Demonstration | Inertial Sea Wave Energy Converter,Polytechnic of Turin (Politecnico di Torino),,Italy,Italy,wave,yes,,,"Mediterranean Sea (project table); ""the first full-scale ISWEC prototype, with a nominal power of 100 kW, was moored 800 m from the coast of Pantelleria""",100,Pilot (report),36.8392,11.8995,PRIMRE,2016,2020,2016; 2020,2016:p106; 2020:p112,OBS0241; OBS0248,Pilot observations (page + quoted evidence),installed,Pilot; PRIMRE,PRJ0197,ISWEC Demonstration at Pantelleria,reviewed 2026-09-24: match,Inactive,Full-scale,https://morenergylab.polito.it/iswec/,unreviewed,
P0167,SEAWARD,annual reports,ISWEC | SEAWARD (H2020 LCE-15-2016) | SEtting up An optimal WEC Array configuration for Real environment Demonstration,ISWEC | SEAWARD | SEtting,Enel Green Power (EGP),,Spain,Italy,wave,yes,,,"the design, manufacturing and demonstration of an array of 5 machines in the Canary Islands",,,28.2936,-16.6214,place,2016,2016,2016,2016:p104,OBS0242,Pilot observations (page + quoted evidence),planned,Pilot,PRJ0198,,,,,,unreviewed,
P0168,GENERA,annual reports,"EMG (Electro-Mechanical Generator) coupled with a point-pivoted buoy | National project ""GENERA"" - H2020 - PON MISE",~EMG | GENERA,Umbra Group (Umbra Cuscinetti S.p.A.),,Italy,Italy,wave,yes,,,the installation of a 60 kW EMG prototype coupled with a point-pivoted buoy along the Italian coast of Campania is also planned,60,Pilot (report),40.8607,14.8440,region,2016,2016,2016,2016:p104,OBS0243,Pilot observations (page + quoted evidence),planned,Pilot,PRJ0199,,,,,,unreviewed,
P0169,ReBaS - Recirculating BallScrew generator (Stage 3 sea trials),annual reports,90 kW device on Orkney Islands | EMG with point-pivoted WEC buoy | ReBaS,~EMG | ReBaS,Umbra Group (Umbra Cuscinetti S.p.A.),,United Kingdom,Italy,wave,yes,,,2018 will see the deployment in the Mediterranean sea of a 60 kW unit and of a 90 kW device on Orkney Islands,90,Pilot (report),58.9418,-3.1297,place,2016,2016,2016,2016:p107,OBS0244,Pilot observations (page + quoted evidence),planned,Pilot,PRJ0200,,,,,,unreviewed,
P0170,EEL Energy tidal device (Umbra - EEL Energy collaboration),annual reports,EEL Energy,~EEL | EEL Energy,EEL Energy,,France,Italy,tidal stream,yes,seeneoh,SEENEOH,"A first test in real environment is planned for October at SEENEOH (http://seeneoh.com/), in Bordeaux.",,,44.87,-0.55,test site,2016,2016,2016,2016:p107,OBS0245,Pilot observations (page + quoted evidence),planned,Pilot,PRJ0201,,,,,,unreviewed,
P0171,"Overtopping BReakwater for Energy Conversion (OBREC), Port of Naples",annual reports,OBREC | Overtopping BReakwater for Energy Conversion | Overtopping BReakwater for Energy Conversion (OBREC) | Overtopping Breakwater for Energy Conversion (OBREC),OBREC | Overtopping BReakwater | Overtopping Breakwater,University of Campania Luigi Vanvitelli,,Italy,Italy,wave,yes,marelab,MaRELab,"Tyrrhenian Sea Napoli (project table); ""A full-scale, 6 metres long prototype has been installed in the port of Naples in 2015, along the San Vincenzo rubble mound breakwater""",8,Pilot (report),40.83,14.26,test site,2020,2025,2020; 2025,2020:p112; 2025:p149,OBS0247; OBS0270,Pilot observations (page + quoted evidence),operational,Pilot,PRJ0202,,,,,,unreviewed,reviewed 2026-09-24: test site linked from the Pilot's site name
P0172,ISWEC pilot project off Ravenna,annual reports,ISWEC | another ISWEC pilot project,ISWEC | another ISWEC,Eni,ISWEC Inertial Sea Wave Energy Converter,Italy,Italy,wave,yes,,,The plant is located in the Adriatic Sea off the coast of Ravenna,50,Pilot (report),44.5355,12.9333,PRIMRE,2020,2020,2020,2020:p112,OBS0249,Pilot observations (page + quoted evidence),operational,Pilot; PRIMRE,PRJ0203,ISWEC Solar Hybrid Installation Near Ravenna,reviewed 2026-09-24: match,Inactive,Sub-scale,https://www.eni.com/en-IT/media/press-release/2019/03/eni-starts-wave-power-energy-generation-at-the-ravenna-offshore-site.html,unreviewed,
P0173,"First ISWEC industrial installation (Prezioso platform, Gela offshore)",annual reports,ISWEC | ISWEC industrial installation,ISWEC,Eni,,Italy,Italy,wave,yes,,,"the first ISWEC industrial installation will be completed near ENI's Prezioso platform in the Strait of Sicily, in the Gela offshore",,,37.0664,14.2502,place,2020,2020,2020,2020:p112,OBS0250,Pilot observations (page + quoted evidence),under_construction,Pilot,PRJ0204,,reviewed 2026-09-24: rejected 'ISWEC Demonstration at Pantelleria',,,,unreviewed,PRIMRE ISWEC Pantelleria is P0166; reverses earlier Pilot-review 'match'
P0174,MaREnergy,annual reports,OPT PowerBuoy | Ocean Power Technologies (OPT) PowerBuoy | PB3 PowerBuoy,~OPT | MaREnergy | PB3 PowerBuoy,Eni,,Italy,Italy,wave,yes,,,"Adriatic Sea Ravenna (project table); ""Ocean Power Technologies (OPT) PowerBuoy has been deployed in the Adriatic Sea since November 2018 by the oil and gas company Eni""",3,Pilot (report),44.3641,12.0590,place,2020,2020,2020,2020:p112,OBS0251,Pilot observations (page + quoted evidence),operational,Pilot,PRJ0205,,,,,,unreviewed,
P0175,GEMSTAR tidal device programme,annual reports,GEMSTAR | GEMSTAR Demonstration II | GEMSTAR technology | Gemstar,GEMSTAR | Gemstar,SeaPower s.c.r.l.,,Italy,Italy,tidal stream,yes,,,"Mediterranean Sea (project table); ""A full-scale prototype of 300 kW will be installed in the Strait of Messina""",500,Pilot (report),38.1110,15.5786,region,2020,2025,2020; 2025,2020:p113; 2025:p150,OBS0255; OBS0271,Pilot observations (page + quoted evidence),installed,Pilot,PRJ0206,,,,,,unreviewed,
P0176,W.e.l.s. (Wave energy light system) - Lipari turbines,annual reports,W.e.l.s. | Wave energy light system,W.e.l.s,CNR,,Italy,Italy,wave,yes,,,"Two turbines were installed in Lipari island (150 W and 1,3 kW) to properly prove that these turbines can start to produce electricity with a minimum wave.",,,38.4814,14.9397,place,2020,2020,2020,2020:p109,OBS0259,Pilot observations (page + quoted evidence),decommissioned,Pilot,PRJ0209,,,,,,unreviewed,
P0177,ECOMar 100 pilot plant,annual reports,ECOMar | ECOMar 100 | The ECOMar 100 wave energy converter,ECOMar,Kuma Energy srl,,Italy,Italy,wave,yes,,,"a contract which provides for the construction of a pilot plant for the measurement of wave motion in the harbour of Taranto, preparatory to the construction of plants to produce energy from the sea",,,40.5488,17.0806,place,2020,2020,2020,2020:p110,OBS0260,Pilot observations (page + quoted evidence),planned,Pilot,PRJ0210,,reviewed 2026-09-24: rejected 'Enermar Pilot Plant',,,,unreviewed,PRIMRE Enermar is a tidal Kobold turbine - different project
P0178,REWEC caisson breakwater plant at the Port of Salerno,annual reports,REWEC | REWEC at the Port of Salerno | REWEC caisson breakwater | REWEC3 | REWEC3 at the Port of Salerno,REWEC | REWEC3,Mediterranea University of Reggio Calabria,Wavenergyit REWEC3,Italy,Italy,wave,yes,,,"At the Port of Salerno, the REWEC caisson breakwater includes 30 independent absorption pneumatic chambers.",,,40.6067,14.7522,PRIMRE,2020,2025,2020; 2025,2020:p112; 2025:p149,OBS0261; OBS0269,Pilot observations (page + quoted evidence),installed,Pilot; PRIMRE,PRJ0211,REWEC3 in the Harbour of Salerno,reviewed 2026-09-24: match,Inactive,Full-scale,https://www.wavenergy.it/projects/rewec3-harbour-salerno/,unreviewed,
P0179,REWEC3 at Roccella Ionica,annual reports,REWEC3,REWEC3,Mediterranea University of Reggio Calabria,,Italy,Italy,wave,yes,,,It will soon also be built in the Port of Salerno and Roccella Ionica (Reggio Calabria),120,PRIMRE,38.3132,16.4060,PRIMRE,2020,2020,2020,2020:p112,OBS0262,Pilot observations (page + quoted evidence),planned,Pilot; PRIMRE,PRJ0212,REWEC3 at Marina of Roccella Jonica,auto (high confidence),Active,Full-scale,https://www.wavenergy.it/projects/application-of-the-rewec3-technology-to-the-marina-of-roccella-jonica-italy/,unreviewed,
P0180,REWEC3 in the new port of Genoa,annual reports,REWEC3,REWEC3,Mediterranea University of Reggio Calabria,,Italy,Italy,wave,yes,,,the famous architect Renzo Piano plans to insert it in the new port of Genoa,,,44.4073,8.9339,place,2020,2020,2020,2020:p112,OBS0263,Pilot observations (page + quoted evidence),planned,Pilot,PRJ0213,,,,,,unreviewed,
P0181,PeWEC,annual reports,PeWEC | Pendulum Wave Energy Converter,PeWEC | Pendulum Wave Energy Converter,MOREnergy Lab (Politecnico di Torino),,Italy,Italy,wave,yes,morenergy_pantelleria,MOREnergy Lab test site (Pantelleria),"The objective is to deploy the prototype at the MOREnergy Lab test site in Pantelleria in 2027, where it will be used for long-term performance monitoring and assessment of system behaviour in real sea conditions",50,Pilot (report),36.83,11.95,test site,2025,2025,2025,2025:p146,OBS0272,Pilot observations (page + quoted evidence),design,Pilot,PRJ0217,,,,,,unreviewed,reviewed 2026-09-24: test site linked from the Pilot's site name
P0182,WEPA (Water Energy Point Absorber),annual reports,WEPA,~WEPA,MOREnergy Lab,,Italy,Italy,hybrid,yes,,,"the Azienda Speciale Parco di Porto Conte, the managing authority of the Porto Conte Regional Natural Park and the Capo Caccia - Isola Piana Marine Protected Area in Alghero (Sardinia)",15,Pilot (report),40.0913,9.0306,region,2025,2025,2025,2025:p146,OBS0273,Pilot observations (page + quoted evidence),planned,Pilot,PRJ0218,,,,,,unreviewed,
P0183,SiZable Energy - Spar buoy platform,annual reports,SiZable Energy platform | Spar Buoy,SiZable | Spar Buoy,SiZable Energy,,Italy,Italy,other,no,noel,NOEL,These Buoys were used by SiZable energy during experimental tests conducted in the Natural Ocean Engineering Laboratory (NOEL; www.noel.unirc.it) in the sea of Reggio Calabria.,,,38.12,15.65,test site,2025,2025,2025,2025:p148,OBS0274,Pilot observations (page + quoted evidence),installed,Pilot,PRJ0219,,,,,,unreviewed,reviewed 2026-09-24: test site linked from the Pilot's site name
P0184,Blue Growth Farm (BGF) floating multi-use platform at NOEL,annual reports,BGF | Blue Grow Farm | Blue Growth Farm platform | floating multi-use platform,~BGF | Blue Grow | ~Blue Growth,,,Italy,Italy,hybrid,yes,noel,NOEL,"Recent experiments included a 1:15-scale prototype of a floating multi-use platform combining aquaculture with energy harvesting technologies. [at NOEL, Reggio Calabria, Straits of Messina]",,,38.12,15.65,test site,2025,2025,2025,2025:p145,OBS0275,Pilot observations (page + quoted evidence),installed,Pilot,PRJ0220,,,,,,unreviewed,reviewed 2026-09-24: test site linked from the Pilot's site name
P0185,Vague - Valorisation de l'energie produite par la mer,annual reports,Interreg VAGUE project | VAGUE,VAGUE,Liguria Region (coordinator),,Italy,Italy,wave,yes,,,The port of Savona is among the sites chosen for future trials.,,,44.2334,8.2526,place,2025,2025,2025,2025:p143,OBS0276,Pilot observations (page + quoted evidence),planned,Pilot,PRJ0221,,,,,,unreviewed,
P0186,MECS project,annual reports,MECS | Multi Energy Compensator System,~MECS | Multi Energy Compensator,Seapower,,Italy,Italy,other,no,,,The system was finally tested in the Strait of Messina.,,,38.1110,15.5786,region,2025,2025,2025,2025:p150,OBS0277,Pilot observations (page + quoted evidence),installed,Pilot,PRJ0222,,,,,,unreviewed,
P0187,NEDO ocean tidal current demonstration project (IHI twin-turbine),annual reports,,~NEDO,IHI Corporation,,Japan,Japan,tidal stream,yes,,,,50,Pilot (report),36.5748,139.2394,country,2016,2016,2016,2016:p108,OBS0278,Pilot observations (page + quoted evidence),planned,Pilot,PRJ0223,,,,,,unreviewed,
P0188,"Ministry of the Environment tidal current power demonstration project, Okinawase Seto",annual reports,,~Ministry of the Environment,"Kyuden Mirai Energy Co., Inc",,Japan,Japan,tidal stream,yes,,,"the Okinawase Seto area of Goshima City, Nagasaki",2000,Pilot (report),33.1155,129.7874,region,2016,2016,2016,2016:p108,OBS0279,Pilot observations (page + quoted evidence),planned,Pilot,PRJ0224,,,,,,unreviewed,
P0189,Goto Islands tidal demonstration field,annual reports,Practical Realization Project of Tidal Current Power Technologies | SIMEC Atlantis Energy AR500,~Goto Islands | Practical Realization | SIMEC Atlantis Energy AR500,Kyuden Mirai Energy Co Ltd,Proteus AR1100,Japan,Japan,tidal stream,yes,amec_naru,Goto Islands tidal demonstration field,"a test site off the coast of the Goto Islands, Nagasaki Prefecture",500,Pilot (report),32.83,128.97,test site,2020,2020,2020,2020:p115,OBS0280,Pilot observations (page + quoted evidence),planned,Pilot; PRIMRE,PRJ0225,Naru Strait - Goto Islands,reviewed 2026-09-24: match,Active,Full-scale,https://proteusmr.com/2025/02/13/proteus-marine-renewables-installs-japans-first-1-1mw-tidal-turbine/,unreviewed,
P0190,Hiratsuka wave power plant,annual reports,Hiratsuka Wave Power Plant,Hiratsuka,"The Institute of Industrial Science, The University of Tokyo",,Japan,Japan,wave,yes,,,in front of the Hiratsuka Shinko breakwater in Kanagawa prefecture,,,35.3351,139.3494,place,2020,2020,2020,2020:p116,OBS0281,Pilot observations (page + quoted evidence),grid_connected,Pilot,PRJ0226,,,,,,unreviewed,
P0191,Nagasaki University small scale demo,annual reports,Nagasaki University tidal current power generator,Nagasaki University,"The Organization for Marine Science and Technology, Nagasaki University",,Japan,Japan,tidal stream,yes,,,in the sea off the Goto islands,,,33.1155,129.7874,region,2020,2020,2020,2020:p116,OBS0282,Pilot observations (page + quoted evidence),operational,Pilot,PRJ0227,,,,,,unreviewed,
P0192,First Experimental OTEC Plant of Malaysia,annual reports,H-OTEC (Hybrid Ocean Thermal Energy Conversion),H-OTEC | SATREPS | First Experimental,Saga University,SATREPS Hybrid OTEC,Malaysia,Japan,OTEC,yes,,,"a project for to develop the “First Experimental OTEC Plant of Malaysia,"" by 2024",3,PRIMRE,2.4631,101.8484,PRIMRE,2020,2020,2020,2020:p117,OBS0284,Pilot observations (page + quoted evidence),planned,Pilot; PRIMRE,PRJ0229,SATREPS UTM Hybrid OTEC Project,reviewed 2026-09-24: match,Active,Full-scale,https://ieeexplore.ieee.org/document/10778704,unreviewed,
P0193,WEC for NW Mexico (DINA / Engineering Institute-UNAM),annual reports,A mechanism and device to capture wave energy in NW Mexico,~DINA,Engineering Institute-UNAM,,Mexico,Mexico,wave,yes,el_sauzal,El Sauzal,"The device will be placed close to the facilities of the port El Sauzal, Baja California, with a planned installed capacity of 100-200 kW.",100,Pilot (report),31.89,-116.7,test site,2016,2016,2016,2016:p111,OBS0287,Pilot observations (page + quoted evidence),planned,Pilot,PRJ0232,,,,,,unreviewed,
P0194,Wave energy device - Baja California,annual reports,A wave energy device - Baja California,,CEMIE-Océano,,Mexico,Mexico,wave,yes,el_sauzal,Ensenada natural site,A wave energy device - Baja California,,,31.89,-116.7,test site,2020,2020,2020,2020:p122,OBS0290,Pilot observations (page + quoted evidence),planned,Pilot,PRJ0235,,,,,,unreviewed,reviewed 2026-09-24: test site linked from the Pilot's site name
P0195,Ocean current turbine - Cozumel Channel,annual reports,An ocean current turbine – Cozumel Channel,,CEMIE-Océano,,Mexico,Mexico,ocean current,yes,cozumel,Cozumel Canal,An ocean current turbine – Cozumel Channel,,,20.45,-86.98,test site,2020,2020,2020,2020:p122,OBS0291,Pilot observations (page + quoted evidence),planned,Pilot,PRJ0236,,,,,,unreviewed,reviewed 2026-09-24: test site linked from the Pilot's site name
P0196,Monaco seawater heat pump (thalassothermal) systems,annual reports,Sea water heat pumps (Monaco) | Seawater heat pumps (Monaco) | sea water heat pump system | sea water heat pumps | seawater heat pump systems | seawater heat pumps | thalossothermal loops connected to seawater heat pumps | Two new heating and cooling networks connected to seawater heat pumps | Two new thalossothermal loops connected to seawater heat pumps,,,,Monaco,Monaco,other,no,,,"In Monaco, the sea is used as a renewable energy source to support the development of seawater heat pump systems. [...] Many coastal buildings benefit from this reversible system",,,43.7323,7.4277,country,2016,2025,2016; 2020; 2025,2016:p113; 2020:p124; 2025:p153,OBS0292; OBS0293; OBS0294; OBS0296; OBS0297,Pilot observations (page + quoted evidence),installed,Pilot,PRJ0237 | PRJ0238,,,,,,unreviewed,reviewed 2026-09-24: merged P0197 (Monaco seawater heat pump (thalassothermal) systems)
P0198,SBM Offshore wave-powered machine prototype,annual reports,,~SBM,SBM Offshore,,Monaco,Monaco,wave,yes,,,in the Monaco territorial waters,,,43.7323,7.4277,country,2020,2020,2020,2020:p124,OBS0295,Pilot observations (page + quoted evidence),planned,Pilot,PRJ0239,,,,,,unreviewed,
P0199,"Tocardo 1.25 MW tidal power plant, Eastern Scheldt barrier",annual reports,"Follow up of Tocardo in Eastern Scheldt (2 MW) | Follow up: Tocardo in Eastern Scheldt (2 MW) | T2 | Tocardo 1.25 MW tidal power plant, Eastern Scheldt | Tocardo tidal power plant, Eastern Scheldt barrier | Tocardo's 1.25 MW demonstrator in the Eastern Scheldt barrier",Tocardo | Tocardo's,Tocardo,Tocardo International T2 Turbine,Netherlands,Netherlands,tidal stream,yes,oosterschelde,,"The 1.25 MW tidal power plant in the Eastern Scheldt, which was installed by the end of 2015",1250,Pilot (report),51.64,3.7,test site,2016,2020,2016; 2020,2016:p114; 2020:p127,OBS0298; OBS0311,Pilot observations (page + quoted evidence),grid_connected,Pilot; PRIMRE,PRJ0240,Oosterschelde Tocardo,reviewed 2026-09-24: match,Inactive,Full-scale,https://www.tocardo.com/tocardo-acquires-1-25mw-oosterschelde-tidal-power-plant-the-largest-tidal-array-in-the-world/,unreviewed,
P0200,"Pentair Fairbanks Nijhuis fish-friendly bi-directional turbine, Grevelingendam",annual reports,The 1 MW Pentair Fairbanks Nijhuis bi-directional turbine to be installed in the 'Grevelingendam',Pentair Fairbanks Nijhuis,Pentair Fairbanks Nijhuis,,Netherlands,Netherlands,tidal range,yes,,,in the Grevelingendam,1000,Pilot (report),52.2435,5.6343,country,2016,2016,2016,2016:p114,OBS0299,Pilot observations (page + quoted evidence),under_construction,Pilot,PRJ0241,,,,,,unreviewed,
P0201,BlueTec floating platform,annual reports,BlueTec floating platform with T2 Tocardo turbine | Bluetec,Bluetec,BlueWater,Tocardo International T2 Turbine,Netherlands,Netherlands,tidal stream,yes,bluetec_texel,,,250,PRIMRE,53.05,4.8,test site,2016,2016,2016,2016:p114,OBS0301,Pilot observations (page + quoted evidence),operational,Pilot; PRIMRE,PRJ0243,Project Texel Tocardo,reviewed 2026-09-24: match,Inactive,Full-scale,https://www.bluewater.com/our-solutions/renewable-energy-solutions/e-power-buoy-terminal/texel-project/,unreviewed,reviewed 2026-09-24: test site linked from the Pilot's site name
P0202,"Tocardo turbines, Minas Passage (Bay of Fundy)",annual reports,"T2 (upgraded, 250 kW rated)",Tocardo,Tocardo,,Canada,Netherlands,tidal stream,yes,,,the Minas Passage in Canada's Bay of Fundy,250,Pilot (report),61.0667,-107.9917,country,2016,2016,2016,2016:p114,OBS0302,Pilot observations (page + quoted evidence),planned,Pilot,PRJ0244,,,,,,unreviewed,
P0203,OTEC Pilot Curacao,annual reports,,~OTEC Pilot Curacao,,,Curacao,Netherlands,OTEC,yes,,,OTEC Pilot Curacao (500 kW),500,Pilot (report),12.1176,-68.9309,country,2016,2016,2016,2016:p116,OBS0303,Pilot observations (page + quoted evidence),planned,Pilot,PRJ0245,,,,,,unreviewed,
P0204,OTEC Pilot/Demo Martinique,annual reports,,~OTEC Pilot/Demo Martinique,,,Martinique,Netherlands,OTEC,yes,,,OTEC Pilot/Demo Martinique,,,14.6114,-60.9621,country,2016,2016,2016,2016:p116,OBS0304,Pilot observations (page + quoted evidence),planned,Pilot,PRJ0246,,,,,,unreviewed,
P0205,Tidal Energy Marsdiep (200 kW),annual reports,"Tidal Energy Marsdiep | Equinox Ocean Turbines TT5 demonstration, Marsdiep | TT5 | TT5 (1:10 scale)",TT5 | Tidal Energy Marsdiep,Equinox Ocean Turbines,,Netherlands,Netherlands,tidal stream,yes,,,Tidal Energy Marsdiep (200 kW),200,Pilot (report),52.9825,4.7449,region,2016,2025,2016; 2025,2016:p116; 2025:p206,OBS0305; OBS0327,Pilot observations (page + quoted evidence),planned,Pilot,PRJ0247 | PRJ0264,,,,,,unreviewed,reviewed 2026-09-24: merged P0220 (Tidal Energy Marsdiep (200 kW))
P0206,Brouwersdam (Brouwers Barrier) tidal range power plant,annual reports,Brouwers Barrier tidal range plant | Brouwersdam tidal power plant,Brouwersdam | Brouwers Barrier,,,Netherlands,Netherlands,tidal range,yes,,,"The Brouwersdam was built in 1971 as a defence barrier, it closes the Grevelingen lake off from the North Sea.",25000,Pilot (report),52.2435,5.6343,country,2016,2020,2016; 2020,2016:p116; 2020:p128,OBS0307; OBS0314,Pilot observations (page + quoted evidence),planned,Pilot,PRJ0249,,,,,,unreviewed,
P0207,Tidal turbine arrays in Afsluitdijk discharge gates,annual reports,Arrays in Afsluitdijk discharge gates,,,,Netherlands,Netherlands,tidal stream,yes,,,Several arrays in Afsluitdijk discharge gates (further future),,,52.2435,5.6343,country,2016,2020,2016; 2020,2016:p116; 2020:p129,OBS0308; OBS0316,Pilot observations (page + quoted evidence),planned,Pilot,PRJ0250,,,,,,unreviewed,
P0208,SeaQurrent TidalKite,annual reports,"SeaQurrent TidalKite validation campaign | SeaQurrent Tidalkite pilot, Wadden Sea | SeaQurrent kite demonstrator (500 kW) at the Wadden Islands | TidalKite | TidalKite™ | Tidalkite",TidalKite | Tidalkite | SeaQurrent,SeaQurrent,,Netherlands,Netherlands,tidal stream,yes,,,SeaQurrent operated and tested a pilot on the Wadden Sea.,,,53.2230,5.1644,region,2020,2025,2020; 2025,2020:p127; 2025:p204,OBS0312; OBS0319,Pilot observations (page + quoted evidence),tank_testing,Pilot,PRJ0252,,,,,,unreviewed,
P0209,"Slow Mill North Sea wave farm, off Texel",annual reports,Slowmill | Slowmill wave demonstrator (25 kW) off the coast of Texel,~Texel | Slowmill | Slow Mill,Slow Mill,Slow Mill WEC,Netherlands,Netherlands,wave,yes,texel_wave,,Slow Mill is realising the first Northsea wave farm 4 km of the coast of Texel.,25,Pilot (report),53.12,4.72,test site,2020,2020,2020,2020:p128,OBS0313,Pilot observations (page + quoted evidence),under_construction,Pilot; PRIMRE,PRJ0253,Texel Wave Energy Pilot,reviewed 2026-09-24: match,Inactive,Sub-scale,https://www.slowmill.nl/Market/Texel-Pilot/,unreviewed,
P0210,Oceans of Energy North Sea demonstration (OceanDEMO),annual reports,Oceans-of-Energy,OceanDEMO | Oceans-of-Energy,Oceans of Energy,,Netherlands,Netherlands,,yes,,,to demonstrate a scaled system in the Wadden Sea and the NorthSea respectively in 2020/2021,,,53.1108,4.6990,region,2020,2020,2020,2020:p126,OBS0315,Pilot observations (page + quoted evidence),planned,Pilot,PRJ0254,,,,,,unreviewed,
P0211,REDstack demoplant Katwijk,annual reports,R EDstack demoplant (0.5-1 MW) at Katwijk (near the Hague),~Katwijk,REDstack,,Netherlands,Netherlands,salinity gradient,yes,,,"a first demonstration plant at Katwijk (near The Hague), where the salinity gradient is optimal",,,52.2435,5.6343,country,2020,2020,2020,2020:p128,OBS0317,Pilot observations (page + quoted evidence),planned,Pilot,PRJ0255,,,,,,unreviewed,
P0212,"Water2Energy tidal turbine, Vlissingen Harbor",annual reports,,Water2Energy,Water2Energy,Water2Energy VAWT,Netherlands,Netherlands,tidal stream,yes,,,at Vlissingen Harbor,60,Pilot (report),51.4321,3.5887,PRIMRE,2025,2025,2025,2025:p204,OBS0318,Pilot observations (page + quoted evidence),grid_connected,Pilot; PRIMRE,PRJ0256,Water2Energy Zeeland Pilot,reviewed 2026-09-24: match,Inactive,Full-scale,https://vb.nweurope.eu/projects/project-search/nwe-mea-north-west-europe-marine-energy-alliance/news/water2energy-makes-tidal-turbine-testing-optimizations-in-netherlands/,unreviewed,
P0213,Weco Kaizen 2.0 wave energy converter,annual reports,Kaizen 2.0 | Kaizen WEC | WECO,~WECO | Kaizen,Weco,,Netherlands,Netherlands,wave,yes,,,the wave energy converter (WEC) was deployed just off Scheveningen for short sea trials,,,52.1067,4.2737,place,2025,2025,2025,2025:p205,OBS0320,Pilot observations (page + quoted evidence),installed,Pilot,PRJ0257,,,,,,unreviewed,
P0214,Slow Mill-40 'Danica' wave energy demonstrator,annual reports,Slow Mill Wave Power | Slow Mill-40 'Danica' | Slowmill-40,Slow Mill | Slowmill-40 | Slow Mill Wave Power,Slow Mill Wave Power,,Netherlands,Netherlands,wave,yes,,,off the coast of The Hague,,,52.0800,4.3113,place,2025,2025,2025,2025:p205,OBS0321,Pilot observations (page + quoted evidence),retrieved,Pilot,PRJ0258,,,,,,unreviewed,
P0215,Symphony Wave Power PTO / full-scale prototype,annual reports,SWP,~SWP,Symphony Wave Power,,United Kingdom,Netherlands,wave,yes,emec,EMEC,full-scale prototype testing at EMEC (Orkney) in the second half of 2026,,,58.963,-3.296,test site,2025,2025,2025,2025:p205,OBS0322,Pilot observations (page + quoted evidence),planned,Pilot,PRJ0259,,,,,,unreviewed,
P0216,Wedge Global W1 powering the FLORA floating radar,annual reports,FLORA (Floating Radar) | W1,FLORA | Wedge Global W1,Wedge Global,,Netherlands,Netherlands,wave,yes,,,The installation was in a selected zone within the Ecowende wind farm concession area (51 km offshore).,,,52.2435,5.6343,country,2025,2025,2025,2025:p205,OBS0323,Pilot observations (page + quoted evidence),installed,Pilot,PRJ0260,,,,,,unreviewed,
P0217,AE-WaveHexapod offshore test site / survivability tests,annual reports,WaveHexapod,AE-WaveHexapod,AE-WaveHexapod,,Netherlands,Netherlands,wave,yes,,,planning on performing survivability tests near the port of IJmuiden,,,52.4574,4.6116,place,2025,2025,2025,2025:p206,OBS0324,Pilot observations (page + quoted evidence),planned,Pilot,PRJ0261,,,,,,unreviewed,
P0218,"REDstack RED pilot plant, HYREWARD (Spain)",annual reports,HYREWARD project,HYREWARD,REDstack,,Spain,Netherlands,salinity gradient,yes,,,operated an RED pilot plant in Spain in the EU-funded HYREWARD project,,,39.3261,-4.8380,country,2025,2025,2025,2025:p206,OBS0325,Pilot observations (page + quoted evidence),operational,Pilot,PRJ0262,,,,,,unreviewed,
P0219,Dutch Wave Power large-scale prototype at OTS-NL,annual reports,,Dutch Wave Power,Dutch Wave Power,,Netherlands,Netherlands,wave,yes,ots_nl,Offshore Test Site NL (OTS-NL),for demonstration at Offshore Test Site NL (OTS-NL) in 2026,,,52.12,4.2,test site,2025,2025,2025,2025:p206,OBS0326,Pilot observations (page + quoted evidence),under_construction,Pilot,PRJ0263,,,,,,unreviewed,reviewed 2026-09-24: test site linked from the Pilot's site name
P0223,Wave-powered and tidal-powered environmental observation buoys,annual reports,,,"Waves and Dynamics Research Group, University of Auckland",,New Zealand,New Zealand,multiple,yes,,,Devices by the Waves and Dynamics Research Group at the University of Auckland and Aquafarming Marine Energy Solutions New Zealand Ltd will continue to be deployed and tested in the short term in various locations in NZ.,,,-41.5001,172.8344,country,2025,2025,2025,2025:p155,OBS0332,Pilot observations (page + quoted evidence),installed,Pilot,PRJ0269,,,,,,unreviewed,
P0224,Ruka Marine Turbine prototype,annual reports,RMT | Ruka Marine Turbine (RMT),~RMT | Ruka,Mana Wairua Energy (MWE),,French Polynesia,New Zealand,multiple,yes,,,"MWE now looks forward to delivering an RMT prototype for French Polynesia, designed to harness the region's powerful South Pacific Ocean currents as they move through its reef atolls and narrow tidal outlets. ... meeting with three Mayors of Raiatea Island and a leading marine energy company in Papeete",,,-17.5770,-149.6087,region,2025,2025,2025,2025:p156,OBS0333,Pilot observations (page + quoted evidence),fabrication,Pilot,PRJ0270,,,,,,unreviewed,
P0225,Azura 100 kW wave energy converter LCOE design engineering study,annual reports,Azura,Azura,Azura Wave Power,,New Zealand,New Zealand,wave,yes,,,,100,Pilot (report),,,,2025,2025,2025,2025:p155,OBS0334,Pilot observations (page + quoted evidence),design,Pilot,PRJ0271,,,,,,unreviewed,
P0226,Tahiti wave energy demonstration project,annual reports,,~Tahiti,Are Uira SAS,,French Polynesia,New Zealand,wave,yes,,,"Azura Wave Power is actively engaged in a wave energy demonstration project in Tahiti, led by Are Uira SAS, a French Polynesian company. The demonstration project aims to validate the benefits of wave energy-produced electricity for the Tahitian electricity grid.",,,-17.6873,-149.4452,place,2025,2025,2025,2025:p156,OBS0335,Pilot observations (page + quoted evidence),planned,Pilot,PRJ0272,,,,,,unreviewed,
P0227,"Tide Tec turret prototype, Svelvik",annual reports,Tide Tec | Tide Tec turret | Tidetec system | turbine turning mechanism prototype,Tidetec | Tide Tec,Tide Tec AS,,Norway,Norway,tidal range,yes,,,"the Tide Tec scaled prototype was deployed in Svelvik outside Drammen, in the southeast",,,59.6135,10.4091,place,2016,2016,2016,2016:p122,OBS0337,Pilot observations (page + quoted evidence),retrieved,Pilot,PRJ0274,,,,,,unreviewed,
P0228,Waves4power WavEl deployment at Runde,annual reports,WavEl,WavEl,Waves4power,,Norway,Norway,wave,yes,runde,Runde Environmental Centre,"The Swedish developer Waves4power (www.waves4power.com) deployed their WavEl floating wave energy device by an offshore vessel in February, 2016.",,,62.4,5.62,test site,2016,2016,2016,2016:p122,OBS0339,Pilot observations (page + quoted evidence),retrieved,Pilot,PRJ0276,,,,,,unreviewed,
P0229,Havkraft Wave Energy Converter prototype at Stad,annual reports,H-WEC | Havkraft Wave Energy Converter (H-WEC),H-WEC | Havkraft,Havkraft AS,Havkraft H-WEC,Norway,Norway,wave,yes,,,"in real sea environment at Stad in Sogn og Fjordane, Norway",200,PRIMRE,62.2169,5.1392,PRIMRE,2016,2016,2016,2016:p122,OBS0340,Pilot observations (page + quoted evidence),operational,Pilot; PRIMRE,PRJ0277,MS Havkraft H-WEC,reviewed 2026-09-24: match,Inactive,Full-scale,https://report2015.ocean-energy-systems.org/documents/OES-Annual-Report-2015/,unreviewed,
P0230,Deep River 250 kW pilot,annual reports,Deep River «plug and go» power plant,~Deep River,Deep River,,Norway,Norway,multiple,yes,,,,250,Pilot (report),61.1529,8.7877,country,2016,2016,2016,2016:p123,OBS0341,Pilot observations (page + quoted evidence),installed,Pilot,PRJ0278,,,,,,unreviewed,
P0231,Tidal Sails,annual reports,Tidal Sails,Tidal Sails,Tidal Sails AS,Tidal Sails TackReach,Norway,Norway,multiple,yes,,,"Tidal Sails AS, an independent, privately held closed corporation based in Haugesund, Norway",6000,PRIMRE,70.5040,23.9244,PRIMRE,2016,2016,2016,2016:p123,OBS0342,Pilot observations (page + quoted evidence),design,Pilot; PRIMRE,PRJ0279,Tidal Sails Kvalsund Strait,reviewed 2026-09-24: match,Inactive,Full-scale,https://www.offshore-energy.biz/tidal-sails-boosts-full-scale-demonstration-volume/,unreviewed,
P0232,Ocean Energy Storm Buoy demonstration at Runde,annual reports,Storm Buoy,Storm Buoy,Ocean Energy AS,,Norway,Norway,wave,yes,runde,,Ocean Energy plans to install a demonstration at Runde,,,62.4,5.62,test site,2016,2016,2016,2016:p123,OBS0343,Pilot observations (page + quoted evidence),planned,Pilot,PRJ0280,,,,,,unreviewed,reviewed 2026-09-24: test site linked from the Pilot's site name
P0233,Flumill demonstration at EMEC,annual reports,,Flumill,Flumill,,United Kingdom,Norway,tidal stream,yes,emec,EMEC,"at the marine test centre EMEC, in the UK. The system will be rated at 2 MW and produce up to 5 MW tidal energy at the EMEC location on Orkney Islands",2000,Pilot (report),58.963,-3.296,test site,2016,2016,2016,2016:p123,OBS0344,Pilot observations (page + quoted evidence),planned,Pilot,PRJ0281,,,,,,unreviewed,
P0235,Pico Plant,annual reports,Pico OWC | Pico plant,~Pico OWC | ~OWC Pico | ~Pico Plant | ~OWC Pico Power Plant,WavEC,Pico Oscillating Water Column,Portugal,Portugal,wave,yes,,,"Pico Plant on the Island of Pico, Azores",400,PRIMRE,38.5359,-28.3080,PRIMRE,2016,2016,2016,2016:p130,OBS0346,Pilot observations (page + quoted evidence),operational,Pilot; PRIMRE,PRJ0283,OWC Pico Power Plant,reviewed 2026-09-24: match,Inactive,Full-scale,https://www.sciencedirect.com/science/article/pii/S0141118719305875,unreviewed,
P0236,"WaveRoller 350 kW first-of-a-kind, Peniche",annual reports,First-Of-A-Kind 350 kW WaveRoller | WaveRoller | first commercial 350 kW rated machine | 5.6 MW NER300 winning SWELL project | SWELL,SWELL | WaveRoller | First-Of-A-Kind,AW-Energy,,Portugal,Portugal,wave,yes,peniche,Peniche test site,"AW-Energy completed the final assembly and deployment of the First-Of-A-Kind 350 kW WaveRoller in Peniche, Portugal during the autumn 2019.",5600,Pilot (report),39.36,-9.4,test site,2016,2020,2016; 2020,2016:p125; 2016:p130; 2020:p135,OBS0349; OBS0348; OBS0357,Pilot observations (page + quoted evidence),decommissioned,Pilot,PRJ0285 | PRJ0286,,,,,,unreviewed,"reviewed 2026-09-24: merged P0237 (WaveRoller 350 kW first-of-a-kind, Peniche); reviewed 2026-09-24: test site linked from the Pilot's site name"
P0238,Bombora Wave Power first real scale deployment,annual reports,Bombora Wave Power,Bombora,Bombora Wave Power,,Portugal,Portugal,wave,yes,,,"The Australian company, Bombora Wave Power, is planning its first real scale deployment in Europe and is considering to undertake the project in Peniche.",,,39.3569,-9.3787,place,2016,2016,2016,2016:p130,OBS0350,Pilot observations (page + quoted evidence),planned,Pilot,PRJ0287,,,,,,unreviewed,
P0239,OCEANIC coating test structure,annual reports,Oceanic,OCEANIC,WavEC,,Portugal,Portugal,other,no,peniche,WaveRoller test site,installed in the WaveRoller test site location,,,39.36,-9.4,test site,2016,2016,2016,2016:p128,OBS0351,Pilot observations (page + quoted evidence),installed,Pilot,PRJ0288,,,,,,unreviewed,reviewed 2026-09-24: test site linked from the Pilot's site name
P0240,CorPower wave energy prototype (HiWave),annual reports,CorPower WEC prototype | Corpower wave energy prototype build in Portugal | HiWave - High Efficiency Wave Power,HiWave | CorPower | Corpower,Corpower Ocean AB,,United Kingdom,Portugal,wave,yes,,,"The device was built in Portugal by Composite Solutions with 11 m long and 4 m in diameter, and transported to Sweden to be then tested in Scotland.",,,56.7861,-4.1141,region,2016,2016,2016,2016:p128,OBS0352,Pilot observations (page + quoted evidence),fabrication,Pilot,PRJ0289,,,,,,unreviewed,
P0241,OPERA biradial turbine prototype,annual reports,OPERA | biradial self-rectifying air turbine,OPERA,IDMEC/IST,,Spain,Portugal,wave,yes,mutriku,Mutriku breakwater wave power plant,"being constructed to be field-tested in 2017, firstly at one of the OWCs of the Mutriku breakwater (Basque Country, Spain) and subsequently, also in the Bay of Biscay, on the spar-buoy OWC of the Spanish company Oceantec",,,43.31,-2.38,test site,2016,2016,2016,2016:p129,OBS0353,Pilot observations (page + quoted evidence),fabrication,Pilot,PRJ0290,,,,,,unreviewed,
P0242,"HiWave-5 / CorPower C4, Agucadoura",annual reports,C4 | C4 Wave Energy Converter | HiWave-5 | HiWave-5 / C4 demonstration programme | HiWave-5 pilot farm project | C4 WEC | C5 WEC | CPO WEC | CorPower's flagship demonstration project | HiWave-5 Demonstration project | HiWave-5 demonstration project (CorPower Ocean),~CPO | C4 WEC | C5 WEC | HiWave-5 | CorPower's | C4 Wave Energy Converter,CorPower Ocean,,Portugal,Portugal | Sweden,wave,yes,agucadora,Aguçadoura test site,"In Aguçadoura, another test site with an area of 5.6 km2 at a water depth of 45 m ... The Swedish developer CorPower has made considerable progress in advancing its flagship wave energy project, HiWave-5, within this designated area.",,,41.44,-8.83,test site,2020,2025,2020; 2025,2020:p135; 2020:p159; 2025:p165; 2025:p198,OBS0358; OBS0477; OBS0365; OBS0480,Pilot observations (page + quoted evidence),planned,Pilot,PRJ0294 | PRJ0381,,,,,,unreviewed,reviewed 2026-09-24: merged P0312 (HiWave-5 demonstration project (CorPower Ocean))
P0243,mWave air turbine supply (Bombora mWave),annual reports,mWave,mWave,Bombora Wave Power,,United Kingdom,Portugal,wave,yes,,,"for installation off the coast of Pembrokeshire, Wales, UK",1500,Pilot (report),51.8339,-4.9167,place,2020,2020,2020,2020:p134,OBS0359,Pilot observations (page + quoted evidence),fabrication,Pilot,PRJ0295,,,,,,unreviewed,
P0244,Wave-powered oceanographic buoy (OWC spar-buoy),annual reports,OWC spar-buoy,,Mechanical Engineering Institute (IDMEC) at IST,,Portugal,Portugal,wave,yes,,,"was tested off the island of Faial, in the Azores Archipelago, in 2020",,,39.6622,-8.1354,country,2020,2020,2020,2020:p134,OBS0360,Pilot observations (page + quoted evidence),installed,Pilot,PRJ0296,,,,,,unreviewed,
P0245,Eco Wave Power Plant,annual reports,Eco Wave Power project in the Porto area,Eco,Eco Wave Power,,Portugal,Portugal,wave,yes,,,"Eco Wave Power (Israel-founded wave energy company) is developing a first-of-a-kind, megawatt-scale wave energy project in the Porto area (North Portugal) in partnership with the port authority APDL",1000,Pilot (report),33.0552,-16.2822,place,2025,2025,2025,2025:p165,OBS0364,Pilot observations (page + quoted evidence),under_construction,Pilot,PRJ0297,,,,,,unreviewed,
P0247,EU-SCORES wave energy array co-located with floating offshore wind,annual reports,EU-SCORES,EU-SCORES,DMEC,,Portugal,Portugal,hybrid,yes,,,The project includes a co-located offshore solar and fixed wind demonstration in Belgium and a wave energy array co-located with floating offshore wind in Portugal.,,,39.6622,-8.1354,country,2025,2025,2025,2025:p162,OBS0367,Pilot observations (page + quoted evidence),planned,Pilot,PRJ0299,,,,,,unreviewed,
P0248,PLOTEC,annual reports,Don | Don (1:5 scale prototype),PLOTEC,PLOCAN,,Spain,Portugal | Spain,OTEC,yes,plocan,,"focuses on the demonstration of novel floating platform designs and materials for Ocean Thermal Energy Conversion (OTEC), with testing in the Canary Islands",,,27.99,-15.37,test site,2025,2025,2025,2025:p162; 2025:p188,OBS0368; OBS0455,Pilot observations (page + quoted evidence),installed,Pilot,PRJ0300 | PRJ0363,,,,,,unreviewed,reviewed 2026-09-24: merged P0296 (PLOTEC)
P0249,FOREST (Future Ocean Renewable Energy System Technologies),annual reports,FOREST | FOREST - Future Ocean Renewable Energy System Technologies,FOREST,EMEC,,United Kingdom,Portugal | Sweden,multiple,yes,emec,EMEC,"Coordinated by EMEC (Orkney, Scotland) ... with testing at EMEC's wave and tidal sites",,,58.963,-3.296,test site,2025,2025,2025,2025:p162; 2025:p195,OBS0369; OBS0489,Pilot observations (page + quoted evidence),planned,Pilot,PRJ0301 | PRJ0388,,,,,,unreviewed,reviewed 2026-09-24: merged P0319 (FOREST - Future Ocean Renewable Energy System Technologies)
P0250,Wave Energy Converter with Energy Storage System Applicable to Breakwaters in Remote Island,annual reports,30 kW OWC WEC | 30 kW wave energy converters applicable to breakwaters in remote islands | 30 kW-class OWC wave energy converter applicable to breakwaters in remote islands | 30kW wave energy converters applicable to breakwaters in remote islands Pilot Plant | Mook-ri OWC Plant,Mook-ri,Korea Research Institute of Ships and Ocean Engineering (KRISO),Mukri Power Plant OWC,Republic of Korea,Republic of Korea,wave,yes,,,the Pilot Plant was built at the Mook-ri port in Chuja Island (Located between Jeju Island and the mainland) and is conducting performance evaluation and technology verification through long-term operation.,30,Pilot (report),33.9419,126.3141,PRIMRE,2016,2025,2016; 2020; 2025,2016:p132; 2020:p137; 2025:p170,OBS0370; OBS0382; OBS0393,Pilot observations (page + quoted evidence),operational,Pilot; PRIMRE,PRJ0302,Chuja Island Breakwater OWC Pilot Plant,reviewed 2026-09-24: match,Active,Full-scale,https://publications.evolvingcities.org/proc-ewtec/article/download/592/130,unreviewed,
P0251,Arrayed-Buoy Wave Energy Converter Adaptive to Wave Climate (KRISO),annual reports,1 MW arrayed-buoy wave energy converter | Arrayed Buoy Wave Energy Converter Adaptive to Wave Climate | Arrayed-buoy wave energy converter | arrayed-buoy WEC,~KRISO | Arrayed-buoy | arrayed-buoy WEC | Arrayed Buoy Wave Energy Converter Adaptive,Korea Research Institute of Ships and Ocean Engineering (KRISO),,Republic of Korea,Republic of Korea,wave,yes,,,"In summer to fall 2020, actual sea demonstrations for rotor and hydraulic PTO systems were conducted in the Jeju and southern coast of the Korean Peninsula",1000,Pilot (report),33.3803,126.5483,place,2016,2020,2016; 2020,2016:p133; 2020:p138,OBS0371; OBS0383,Pilot observations (page + quoted evidence),installed,Pilot,PRJ0303,,,,,,unreviewed,
P0252,"500 kW Yongsoo OWC Pilot Plant, Jeju Island",annual reports,500 kW Yongsoo OWC Pilot Plant | 500 kW Yongsoo OWC WEC | 500 kW Yongsoo OWC plant | Yongsoo OWC WEC | Yongsoo OWC wave energy plant | Yongsu OWC pilot plant | Green hydrogen production demonstration plant at the Yongsoo OWC WEC | Hydrogen Production Plant on Yongsoo OWC WEC,Yongsu | ~Yongsoo | ~Yongsoo OWC | ~Yongsoo OWC WEC | Hydrogen Production | ~Yongsoo OWC Pilot Plant,Korea Research Institute of Ships and Ocean Engineering (KRISO),Yongsoo OWC,Republic of Korea,Republic of Korea,wave,yes,kriso_wets,KRISO-Wave Energy Test Site (WETS),The construction of the Yongsoo OWC pilot plant was completed in July 2016 and installed at 1.5 km away from the coastline of Jeju Island.,500,Pilot (report),33.3,126.17,test site,2016,2025,2016; 2025,2016:p133; 2025:p166; 2025:p169,OBS0374; OBS0391; OBS0392,Pilot observations (page + quoted evidence),operational,Pilot; PRIMRE,PRJ0306 | PRJ0320,Yongsoo OWC Pilot Plant,reviewed 2026-09-24: match,Inactive,Full-scale,https://www.wavec.org/contents/files/15--keyyong-hong-.pdf,unreviewed,"reviewed 2026-09-24: merged P0263 (500 kW Yongsoo OWC Pilot Plant, Jeju Island)"
P0253,INWave Onshore-Based WEC Plant,annual reports,INWave,INWave,INGINE,,Republic of Korea,Republic of Korea,wave,yes,,,"Since the installation of its first 135 KW pilot plant on Jeju Island in late 2015, the plant has been in operation, connected to the power grid.",135,Pilot (report),33.3803,126.5483,place,2016,2016,2016,2016:p133,OBS0375,Pilot observations (page + quoted evidence),grid_connected,Pilot,PRJ0307,,,,,,unreviewed,
P0254,SUPRC 20 kW OTEC Plant,annual reports,20 KW OTEC plant,SUPRC,Korea Research Institute of Ships & Ocean Engineering (KRISO),,Republic of Korea,Republic of Korea,OTEC,yes,,Sea Water Utilization Plant Research Centre (SUPRC),"the 20 KW OTEC and 200 KW HOTEC plants are in operation and conducting the performance test at the Sea Water Utilization Plant Research Centre, SUPRC, in Gangwon-do Goseoung-gun, a subsidiary research centre of KRISO dedicated to the deep-sea water application",20,Pilot (report),38.1153,129.0423,PRIMRE,2016,2016,2016,2016:p134,OBS0376,Pilot observations (page + quoted evidence),operational,Pilot; PRIMRE,PRJ0308,SUPRC OTEC Pilot Project,reviewed 2026-09-24: match,Inactive,Full-scale,https://report2016.ocean-energy-systems.org/country-reports/republic-of-korea/technology-demonstration/,unreviewed,
P0255,SUPRC 200 kW HOTEC Plant,annual reports,200 KW HOTEC plant,SUPRC | 200 KW HOTEC,Korea Research Institute of Ships & Ocean Engineering (KRISO),,Republic of Korea,Republic of Korea,OTEC,yes,,Sea Water Utilization Plant Research Centre (SUPRC),"the 20 KW OTEC and 200 KW HOTEC plants are in operation and conducting the performance test at the Sea Water Utilization Plant Research Centre, SUPRC, in Gangwon-do Goseoung-gun, a subsidiary research centre of KRISO dedicated to the deep-sea water application",200,Pilot (report),37.7725,128.3821,region,2016,2016,2016,2016:p134,OBS0377,Pilot observations (page + quoted evidence),operational,Pilot,PRJ0309,,reviewed 2026-09-24: rejected 'SUPRC OTEC Pilot Project',,,,unreviewed,PRIMRE SUPRC OTEC Pilot is the 20 kW plant (P0254); reverses earlier Pilot-review verdict
P0256,30 kW Heaving Semi-spheres with Hinged Arm WEC Platform,annual reports,Heaving semi-sphere WEC with hinged arm,Hwa Jin,Hwa Jin Co.,,Republic of Korea,Republic of Korea,wave,yes,,,The prototype has installed near Hupo-hang in the East Sea.,30,Pilot (report),37.8851,128.8260,region,2016,2016,2016,2016:p134,OBS0378,Pilot observations (page + quoted evidence),installed,Pilot,PRJ0310,,,,,,unreviewed,
P0257,Active-controlled Tidal Current Power Generation System,annual reports,200 kW active-controlled tidal energy converter,Active-controlled,Korea Institute of Ocean Science and Technology (KIOST),,Republic of Korea,Republic of Korea,tidal stream,yes,,,,200,Pilot (report),36.6384,127.6961,country,2016,2016,2016,2016:p134,OBS0379,Pilot observations (page + quoted evidence),under_construction,Pilot,PRJ0311,,,,,,unreviewed,
P0258,Floating Pendulum Wave Energy Converter,annual reports,300 kW floating pendulum WEC | FPWEC,FPWEC | Floating Pendulum,Korea Research Institute of Ships & Ocean Engineering (KRISO),,Republic of Korea,Republic of Korea,wave,yes,kriso_wets,open sea WEC test centre of Jeju,The FPWEC is planned to be tested at the open sea WEC test centre of Jeju in 2018.,300,Pilot (report),33.3,126.17,test site,2016,2016,2016,2016:p135,OBS0380,Pilot observations (page + quoted evidence),fabrication,Pilot,PRJ0312,,,,,,unreviewed,reviewed 2026-09-24: test site linked from the Pilot's site name
P0259,SUPRC 1 MW OTEC,annual reports,1 MW OTEC demonstration plant | Offshore 1 MW OTEC,SUPRC | Offshore 1 MW OTEC,Korea Research Institute of Ships & Ocean Engineering (KRISO),,Republic of Korea,Republic of Korea,OTEC,yes,,,"The plan is to complete the construction and perform the short-term operation in the east coast of South Korea by 2018, followed by transferring and conducting long-term operation in Tarawa, Kiribati, in 2019.",1000,Pilot (report),36.6384,127.6961,country,2016,2016,2016,2016:p135,OBS0381,Pilot observations (page + quoted evidence),fabrication,Pilot,PRJ0313,,reviewed 2026-09-24: rejected 'SUPRC OTEC Pilot Project',,,,unreviewed,PRIMRE SUPRC OTEC Pilot is the 20 kW plant (P0254); reverses earlier Pilot-review verdict
P0260,TEC-ESS combined system for remote off-grid islands,annual reports,TEC-ESS hybrid system | tidal energy converter combined with ESS,TEC-ESS,Korea Institute of Ocean Science and Technology (KIOST),,Republic of Korea,Republic of Korea,tidal stream,yes,,,"TEC-ESS hybrid system for remote off-grid islands is being developed ... The generators and maintenance facilities such as an overhead crane will be located on top of a steel frame supporting structure, and ESS will be installed on an island's landside.",,,36.6384,127.6961,country,2020,2020,2020,2020:p138,OBS0384,Pilot observations (page + quoted evidence),fabrication,Pilot,PRJ0314,,,,,,unreviewed,
P0261,1 MW class commercially available tidal energy converter,annual reports,1MW class horizontal axis tidal current energy converter | 1 MW commercial-scale tidal energy converter,,Korea Institute of Ocean Science and Technology (KIOST),,Republic of Korea,Republic of Korea,tidal stream,yes,,,"The rotor blade of a 1MW class horizontal axis tidal current energy converter, tested in the BladeLab@KIOST in 2025",1000,Pilot (report),36.6384,127.6961,country,2020,2025,2020; 2025,2020:p136; 2025:p169,OBS0385; OBS0397,Pilot observations (page + quoted evidence),fabrication,Pilot,PRJ0315 | PRJ0323,,,,,,unreviewed,reviewed 2026-09-24: merged P0265 (1 MW commercial-scale tidal energy converter)
P0262,Uldolmok Tidal Current Power Pilot Plant,annual reports,Uldolmok Tidal Current Power Plant | Uldolmok Tidal Power Pilot Plant,Uldolmok Tidal Power Pilot Plant | Uldolmok Tidal Current Power Plant,,,Republic of Korea,Republic of Korea,tidal stream,yes,ktec,K-TEC (Korea Tidal Current Energy Center),the Uldolmok Tidal Current Power Plant will be utilized as the test site for small- and medium-size TECs under 500 kW due to the limited water depth of about 25-30 meters,500,PRIMRE,34.55,126.25,test site,2020,2025,2020; 2025,2020:p138; 2025:p167,OBS0388; OBS0398,Pilot observations (page + quoted evidence),operational,Pilot; PRIMRE,PRJ0318,Uldolmok Tidal Power Pilot Plant,reviewed: match,Active,Full-scale,https://en.wikipedia.org/wiki/Uldolmok_Tidal_Power_Station,unreviewed,
P0264,Multi-module OWC wave farm at Homigot Port,annual reports,multi-modulus OWC WEC connected to the breakwater | wave farm composed of several OWC WECs,~Homigot,Korea Research Institute of Ships and Ocean Engineering (KRISO),,Republic of Korea,Republic of Korea,wave,yes,,,"Initiated in 2023, Homigot Port in Pohang, located on the East Sea, has been selected as the demonstration site.",90,Pilot (report),37.8851,128.8260,region,2025,2025,2025,2025:p170,OBS0394,Pilot observations (page + quoted evidence),consented,Pilot,PRJ0321,,,,,,unreviewed,
P0266,Marshall Islands ODA project (Capacity Building of the Republic of Marshall Islands in Achieving SDGs through OTEC Technology),annual reports,Marshall Islands ODA project,Marshall Islands ODA,Korea Research Institute of Ships and Ocean Engineering (KRISO),,Marshall Islands,Republic of Korea,OTEC,yes,,,"strengthening the self-sufficiency capacity for energy, drinking water, and food of the coastal villages of the Marshall Islands by supplying OTEC, seawater cooling, seawater desalination, and hydroponic cultivation technologies using deep ocean water",50,Pilot (report),8.9996,168.0003,country,2025,2025,2025,2025:p171,OBS0399,Pilot observations (page + quoted evidence),design,Pilot,PRJ0324,,,,,,unreviewed,
P0267,Fiji ODA project (Establishment of pilot-scale green campus in Fiji USP campus by utilizing the ocean thermal energy and renewable energy),annual reports,Fiji ODA project,Fiji ODA,Korea Research Institute of Ships and Ocean Engineering (KRISO),,Fiji,Republic of Korea,OTEC,yes,,,"installs and operates a seawater cooling system using surface seawater on the USP campus in Fiji, and conducts capacity building education on seawater cooling, desalination, and hydroponics using seawater",,,-18.1501,178.4528,place,2025,2025,2025,2025:p171,OBS0400,Pilot observations (page + quoted evidence),design,Pilot,PRJ0325,,,,,,unreviewed,
P0268,ERI@N Tidal Turbine System - PT BUMWI woodchip factory tidal turbine,annual reports,"SCHOTTEL HYDRO tidal turbine (barge based) | barge based tidal turbine | tidal turbine grid-connected pilot project in West Papua, Indonesia",~ERI@N | ~SCHOTTEL HYDRO | ERI@N Tidal Turbine System,"Energy Research Institute at Nanyang Technological University, Singapore (NTU Singapore) / ERI@N",,Indonesia,Singapore,tidal stream,yes,,,"PT BUMWI's woodchip factory located in the remote Pulau Amutu Besar, Bintuni Bay, West Papua, Indonesia",,,-2.4680,133.5573,place,2016,2016,2016,2016:p138,OBS0402,Pilot observations (page + quoted evidence),grid_connected,Pilot,PRJ0327,,,,,,unreviewed,
P0269,Tidal Demo Project for Singapore,annual reports,,~MAKO,Envirotek,MAKO Tidal Turbine,Singapore,Singapore,tidal stream,yes,,,Tidal Demo Project for Singapore,400,PRIMRE,1.2603,103.8234,PRIMRE,2016,2016,2016,2016:p140,OBS0405,Pilot observations (page + quoted evidence),planned,Pilot; PRIMRE,PRJ0330,Singapore Tidal Demonstration Project,reviewed 2026-09-24: match,Inactive,Full-scale,https://www.mako.energy/singapore-demonstration-project,unreviewed,
P0270,Turbine Demonstration Project - MAKO Tidal Turbines,annual reports,MAKO tidal turbine system demonstration in Sentosa waters | MAKO.4 | Pylon integrated MAKO tidal turbine,~MAKO | MAKO.4,MAKO Tidal Turbines,,Singapore,Singapore,tidal stream,yes,sentosa,Sentosa - ERI@N Tidal Site,MAKO tidal turbine system demonstration in Sentosa waters,,,1.25,103.83,test site,2020,2020,2020,2020:p143,OBS0409,Pilot observations (page + quoted evidence),installed,Pilot,PRJ0333,,,,,,unreviewed,
P0271,Deployment of Clean Energy Powered water generation system in Southern Islands of Singapore,annual reports,Renewable system deployed in Kusu Island,,Energy Research Institute @ Nanyang Technological University (ERI@N),,Singapore,Singapore,other,no,,,Kusu Island and Pulau Hantu Besar,,,1.2542,103.8227,region,2020,2025,2020; 2025,2020:p144; 2025:p179,OBS0412; OBS0426,Pilot observations (page + quoted evidence),installed,Pilot,PRJ0334,,,,,,unreviewed,
P0272,Jurong Island offshore floating solar and tidal turbine hybrid system,annual reports,,~Jurong Island,Energy Research Institute @ Nanyang Technological University (ERI@N),,Singapore,Singapore,hybrid,yes,,,along the coast of Jurong island,,,1.2685,103.6786,place,2020,2020,2020,2020:p144,OBS0413,Pilot observations (page + quoted evidence),design,Pilot,PRJ0335,,,,,,unreviewed,
P0274,G8 subsea offshore floating solar substation platform,annual reports,,,G8 subsea,,Singapore,Singapore,other,no,,,"near the coast at north of Woodlands Waterfront Park, along the Straits of Johor",5000,Pilot (report),1.4531,103.7805,place,2020,2020,2020,2020:p145,OBS0415,Pilot observations (page + quoted evidence),installed,Pilot,PRJ0337,,,,,,unreviewed,
P0275,Tengeh Reservoir floating solar PV system,annual reports,,Tengeh Reservoir,Sembcorp,,Singapore,Singapore,other,no,,,Tengeh Reservoir,60000,Pilot (report),1.3462,103.6466,place,2020,2020,2020,2020:p145,OBS0416,Pilot observations (page + quoted evidence),under_construction,Pilot,PRJ0338,,,,,,unreviewed,
P0276,EDB 100 MW floating solar project (request for information),annual reports,,~EDB,Singapore's Economic Development Board (EDB),,Singapore,Singapore,other,no,,,a 100 MW floating solar project,100000,Pilot (report),1.3571,103.8195,country,2020,2020,2020,2020:p145,OBS0417,Pilot observations (page + quoted evidence),concept,Pilot,PRJ0339,,,,,,unreviewed,
P0277,PUB floating solar PV systems at Bedok and Lower Seletar Reservoirs,annual reports,,~PUB,PUB,,Singapore,Singapore,other,no,,,"the reservoir surfaces adjacent to Bedok Pumping Station and the Lower Seletar Pumping Station, taking up 2% of Bedok Reservoir's and 0.5% of Lower Seletar Reservoir's surface areas",1500,Pilot (report),1.3571,103.8195,country,2020,2025,2020; 2025,2020:p145; 2025:p176,OBS0418; OBS0421,Pilot observations (page + quoted evidence),installed,Pilot,PRJ0340,,,,,,unreviewed,
P0278,Kranji Reservoir floating solar farm,annual reports,Floating Photovoltaic System on Kranji Reservoir | Singapore's largest floating solar farm,Kranji Reservoir | Floating Photovoltaic,,,Singapore,Singapore,other,no,,,Kranji Reservoir,141000,Pilot (report),1.4091,103.7280,place,2025,2025,2025,2025:p176,OBS0420,Pilot observations (page + quoted evidence),under_construction,Pilot,PRJ0341,,,,,,unreviewed,
P0280,Ocean Renewable Energy Farm (Raffles Lighthouse hybrid solar and tidal farm),annual reports,hybrid renewable energy farm | renewable energy farm in the waters surrounding Raffles Lighthouse,Ocean Renewable Energy Farm,Maritime and Port Authority of Singapore (MPA),,Singapore,Singapore,hybrid,yes,,,the waters surrounding Raffles Lighthouse,,,1.3571,103.8195,country,2025,2025,2025,2025:p177,OBS0423,Pilot observations (page + quoted evidence),planned,Pilot,PRJ0343,,,,,,unreviewed,
P0281,Inspirasi NTU,annual reports,INSPIRASI NTU in Indonesia,Inspirasi NTU | INSPIRASI NTU,Nanyang Technological University (NTU),,Indonesia,Singapore,multiple,yes,,,microgrids and urban electricity systems in Indonesian communities,,,-2.4834,117.8903,country,2025,2025,2025,2025:p178,OBS0425,Pilot observations (page + quoted evidence),planned,Pilot,PRJ0344,,,,,,unreviewed,
P0282,Hybrid tidal- and solar-powered mooring buoy,annual reports,,,Energy Research Institute @ Nanyang Technological University (ERI@N),,Singapore,Singapore,hybrid,yes,,,Singapore's low-current tropical waters,,,1.3571,103.8195,country,2025,2025,2025,2025:p175,OBS0427,Pilot observations (page + quoted evidence),unknown,Pilot,PRJ0345,,,,,,unreviewed,
P0283,Mutriku wave power plant,annual reports,MWPP | Mutriku OWC plant | Mutriku Wave Power Plant | Mutriku wave power plant | Wells turbine + electrical generator sets,~MWPP,EVE (Ente Vasco de la Energía),,Spain,Spain,wave,yes,bimep,BiMEP,"Mutriku Wave Power Plant, the first multi-turbine wave energy facility in the world, has been integrated in BiMEP infrastructure, being now a second facility of BiMEP.",18.5,Pilot (report),43.46,-2.88,test site,2016,2025,2016; 2020; 2025,2016:p143; 2020:p152; 2025:p187,OBS0429; OBS0443; OBS0453,Pilot observations (page + quoted evidence),grid_connected,Pilot; PRIMRE,PRJ0347,Mutriku Wave Power Plant,reviewed: reconcile capacity,Active,Full-scale,https://www.bimep.com/en/mutriku-area/technical-characteristics/,unreviewed,
P0284,MARMOK-A-5,annual reports,MARMOK-A 5 | MARMOK-A-5 | MARMOK-A-5 device | Oceantec WEC,MARMOK-A | Oceantec | MARMOK-A-5,"IDOM Consulting, Engineering, Architecture",,Spain,Spain,wave,yes,bimep,BiMEP,"The transport to site operation of the WEC, so-called MARMOK-A-5, and its installation at BiMEP was completed on 12 October.",30,Pilot (report),43.46,-2.88,test site,2016,2025,2016; 2025,2016:p145; 2025:p189,OBS0431; OBS0458,Pilot observations (page + quoted evidence),planned,Pilot,PRJ0349,,,,,,unreviewed,
P0285,UNDIGEN+,annual reports,W1 | Wedge,UNDIGEN+,WEDGE GLOBAL,,Spain,Spain,wave,yes,plocan,PLOCAN,The W1 system has been testing under open-ocean & harbour tests at PLOCAN site in the Canary Islands (achieving non-stop tests & wave power generation results for the period 2014-2016).,,,27.99,-15.37,test site,2016,2016,2016,2016:p145,OBS0432,Pilot observations (page + quoted evidence),operational,Pilot,PRJ0350,,,,,,unreviewed,
P0286,Butterfly (Rotary Wave 1:4 scale demonstration),annual reports,Butterfly | Butterfly WEC | Butterfly device,Butterfly WEC,Rotary Wave,Rotary Wave Butterfly Device,Spain,Spain,wave,yes,,,"The Butterfly device was tested in Pobla de Farnals (Valencia,Spain), where local average waves are around 0.5 m, therefore the power obtained was a successful result.",10,Pilot (report),39.6476,-0.1439,PRIMRE,2016,2016,2016,2016:p145,OBS0433,Pilot observations (page + quoted evidence),retrieved,Pilot; PRIMRE,PRJ0351,Rotary Wave Butterfly Valencia Test,reviewed 2026-09-24: match,Inactive,Full-scale,https://www.rotarywave.com/en/projects/,unreviewed,
P0287,ANTEIA metocean buoy (ZUNIBAL) at BiMEP,annual reports,ANTEIA | ANTEIA low cost metocean buoys | ANTEIA oceanographic buoy,ANTEIA | ZUNIBAL,ZUNIBAL S.L.,,Spain,Spain,other,no,bimep,BiMEP,There are other projects that are carrying out trials at BiMEP but without grid connection. This is the case of ZUNIBAL S.L. that is testing the ANTEIA low cost metocean buoys.,,,43.46,-2.88,test site,2016,2020,2016; 2020,2016:p143; 2020:p151,OBS0434; OBS0446,Pilot observations (page + quoted evidence),installed,Pilot,PRJ0352,,,,,,unreviewed,
P0288,Wello (device tested at PLOCAN),annual reports,Wello,Wello,Wello,,Spain,Spain,wave,yes,plocan,PLOCAN,"Three wave energy devices have already been tested at PLOCAN without grid connection (Wedge, Wello and Pipo System).",,,27.99,-15.37,test site,2016,2016,2016,2016:p143,OBS0435,Pilot observations (page + quoted evidence),unknown,Pilot,PRJ0353,,,,,,unreviewed,
P0289,Pipo System (device tested at PLOCAN),annual reports,Pipo System,Pipo,Pipo System,,Spain,Spain,wave,yes,plocan,PLOCAN,"Three wave energy devices have already been tested at PLOCAN without grid connection (Wedge, Wello and Pipo System).",,,27.99,-15.37,test site,2016,2016,2016,2016:p143,OBS0436,Pilot observations (page + quoted evidence),unknown,Pilot,PRJ0354,,,,,,unreviewed,
P0290,WIP10+,annual reports,,WIP10+,EnerOCEAN,,Spain,Spain,hybrid,yes,plocan,PLOCAN,"The Spanish company EnerOCEAN leading the WIP10+ project plans to install a prototype of a floating platform, including offshore wind turbines and wave energy converters, at PLOCAN to be tested during 2017.",,,27.99,-15.37,test site,2016,2016,2016,2016:p146,OBS0437,Pilot observations (page + quoted evidence),planned,Pilot,PRJ0355,,,,,,unreviewed,
P0291,Magallanes Renovables floating tidal platform,annual reports,Magallanes Renovables | Magallanes Renovables power platform,Magallanes Renovables,Magallanes Renovables,,United Kingdom,Spain,tidal stream,yes,emec,EMEC,"This will start in a location near Vigo, before being transferred to EMEC in Scotland. There they will study the equipment under real operating conditions over a period of one year.",2000,Pilot (report),58.963,-3.296,test site,2016,2020,2016; 2020,2016:p146; 2020:p152,OBS0438; OBS0449,Pilot observations (page + quoted evidence),operational,Pilot,PRJ0356,,,,,,unreviewed,
P0292,HarshLab offshore materials laboratory at BiMEP,annual reports,HarshLab | HarshLab 2.0 (second version) | HarshLab marine laboratory | materials and components offshore laboratory – HarshLab,HarshLab,TECNALIA,,Spain,Spain,other,no,bimep,BiMEP,"HarshLab, installed at BiMEP in 2022, achieved a major milestone in September 2025 when it was connected to the BiMEP electrical grid through an umbilical cable linked to the offshore underwater network.",,,43.46,-2.88,test site,2020,2025,2020; 2025,2020:p151; 2025:p187,OBS0444; OBS0454,Pilot observations (page + quoted evidence),operational,Pilot,PRJ0359,,,,,,unreviewed,
P0293,PENGUIN2,annual reports,PENGUIN2 | PENGUIN2 at BiMEP,PENGUIN2,WELLO OY,,Spain,Spain,wave,yes,bimep,BiMEP,"The device started in autumn 2020 the travel from Scotland to the Port of Bilbao, close to BiMEP, but bad weather conditions forced to suspend the towing and wait to spring for better sea conditions.",,,43.46,-2.88,test site,2020,2020,2020,2020:p152,OBS0445,Pilot observations (page + quoted evidence),planned,Pilot,PRJ0360,,,,,,unreviewed,
P0294,Arrecife,annual reports,Arrecife | Arrecife Energy Systems,Arrecife,Arrecife Energy Systems,,Spain,Spain,multiple,yes,bimep,BiMEP,"Throughout the summer of 2019, Arrecife Energy Systems tested its 1:3 scale prototype at the BIMEP area and in real sea conditions for the first time.",,,43.46,-2.88,test site,2020,2020,2020,2020:p151,OBS0447,Pilot observations (page + quoted evidence),installed,Pilot,PRJ0361,,,,,,unreviewed,
P0298,"Blue-X (Mocean Energy, EuropeWave Phase 3)",annual reports,Blue-X | Blue-X system,Blue-X,Mocean Energy,,United Kingdom,Spain,wave,yes,,,"greenlighting their planned deployment of Blue-X system with an improved PTO that features a Vernier Hybrid Machine (VHM) as key innovation, in the pre-consented area of Copinsay (UK).",,,58.8966,-2.6766,place,2025,2025,2025,2025:p185,OBS0459,Pilot observations (page + quoted evidence),consented,Pilot,PRJ0365,,,,,,unreviewed,
P0299,DESALIFE,annual reports,,DESALIFE,Ocean Oasis Canarias,,Spain,Spain,wave,yes,,,DESALIFE is a pioneering European project that will test a fullscale wavepowered desalination buoy off the ArucasMoya coast in northern Gran Canaria.,,,28.2936,-16.6214,region,2025,2025,2025,2025:p189,OBS0460,Pilot observations (page + quoted evidence),planned,Pilot,PRJ0366,,,,,,unreviewed,
P0300,WECHULL+,annual reports,WECHULL | WECHULL+ concrete WEC floater,WECHULL,RISE Research Institutes of Sweden,,Spain,Spain,wave,yes,plocan,PLOCAN,"offshore validation is planned for 2026 at scaled prototypes (1:5 WEC floater and 1:3 ballast system for floating PV) in real ocean environments, including PLOCAN in the Canary Islands",,,27.99,-15.37,test site,2025,2025,2025,2025:p190,OBS0461,Pilot observations (page + quoted evidence),planned,Pilot,PRJ0367,,,,,,unreviewed,
P0301,Soderfors marine current converter (Uppsala University),annual reports,Marine current power: Extracting power from slow water currents | Söderfors marine current project | Söderfors marine current site | Söderfors site | UU - Söderfors marine current converter,Soderfors Turbine | Söderfors Project,Uppsala University,Soderfors Turbine,Sweden,Sweden,other,no,soderfors,,"UU - Söderfors, Sweden, in the river Dal (Dalälven)",7.5,Pilot (report),60.39,17.24,test site,2016,2025,2016; 2025,2016:p149; 2025:p200,OBS0463; OBS0485,Pilot observations (page + quoted evidence),operational,Pilot; PRIMRE,PRJ0369,Söderfors Project,reviewed 2026-09-24: match,Active,Full-scale,https://www.uu.se/en/news/2013/2013-03-05-experimental-marine-current-turbine-to-be-installed-in-dalalven,unreviewed,
P0302,Sotenäs Project,annual reports,,Sotenäs | ~Seabased,Seabased Industry AB,Seabased WEC,Sweden,Sweden,wave,yes,,,,3000,Pilot (report),58.3348,11.2651,PRIMRE,2016,2016,2016,2016:p149,OBS0464,Pilot observations (page + quoted evidence),grid_connected,Pilot; PRIMRE,PRJ0370,Sotenas Wave Power Project,reviewed 2026-09-24: match,Inactive,Full-scale,https://seabased.com/projects,unreviewed,
P0303,Waves4Power full scale wave power device demonstration,annual reports,"Waves4Powers buoy demonstrated in Runde, Norway",Waves4Power | Waves4Powers,Waves4Power,,Norway,Sweden,wave,yes,runde,,"however the demonstration takes place in Runde, in Norway",,,62.4,5.62,test site,2016,2016,2016,2016:p150,OBS0465,Pilot observations (page + quoted evidence),installed,Pilot,PRJ0371,,,,,,unreviewed,reviewed 2026-09-24: test site linked from the Pilot's site name
P0305,Minesto Deep Green at Holyhead Deep,annual reports,"Deep Green | Deep Green Phase 2, Holyhead Deep | Holyhead Deep site | Minesto Deep Green commercial-scale demonstrator at Holyhead Deep | Minesto's site in Holyhead Deep | Minesto Deep Green testing at Strangford Lough | DG500 | Minesto’s tidal energy scheme in Wales | Minesto Holyhead Deep",Minesto's | Deep Green | ~Holyhead Deep | Minesto Deep Green | Deep Green Phase 2 | DG500,Minesto,Deep Green Tidal Kite,United Kingdom,Sweden | United Kingdom,tidal stream,yes,,,"at Holyhead Deep in 2022. (In 2018-2019 Minesto’s phase 1 demonstration project was implemented at the Holyhead Deep site, with the installation of a 500 kW turbine.)",10000,Pilot (report),53.2998,-4.8656,PRIMRE,2016,2020,2016; 2020,2016:p151; 2020:p159; 2020:p170,OBS0466; OBS0467; OBS0475; OBS0518,Pilot observations (page + quoted evidence),planned,Pilot; PRIMRE,PRJ0373 | PRJ0372 | PRJ0414,Minesto Holyhead Deep Pilot,reviewed 2026-09-24: match,Inactive,Full-scale,https://minesto.com/news/minesto-completes-offshore-test-programme-of-its-eu-funded-tidal-energy-project-in-wales/,unreviewed,"reviewed 2026-09-24: merged P0304 (Minesto Deep Green at Holyhead Deep); reviewed 2026-09-24: merged P0337 (Minesto Holyhead Deep, UK chapter)"
P0306,CorPower Ocean Stage 3 pilot programme,annual reports,CorPower WEC (1:2 scale) | Stage 3 of CorPower's device (in composite hull),CorPower | Stage 3 of CorPower's,CorPower Ocean,,United Kingdom,Sweden,wave,yes,emec,EMEC,"followed by wet testing at EMECs Scapa Flow nursery site in Orkney, Scotland, through 2017",,,58.963,-3.296,test site,2016,2016,2016,2016:p151,OBS0468,Pilot observations (page + quoted evidence),planned,Pilot,PRJ0374,,,,,,unreviewed,
P0307,Ada Project,annual reports,wave energy park in Ghana,Ada | ~Seabased,Seabased,Seabased WEC,Ghana,Sweden,wave,yes,,,The Ada Project in Ghana,200000,Pilot (report),5.6743,0.6588,PRIMRE,2016,2016,2016,2016:p151,OBS0469,Pilot observations (page + quoted evidence),under_construction,Pilot; PRIMRE,PRJ0375,Ghana Wave Park Pilot,reviewed 2026-09-24: match,Inactive,Full-scale,https://seabased.com/projects,unreviewed,
P0308,SEASNAKE+,annual reports,SEASNAKE | SEASNAKE (OCEANERA-Net Cofund) | SEASNAKE+ Industrial upscale of surface protection system & fibre optic-based condition monitoring for the SEASNAKE MVC (Medium Voltage Cables) | Seasnake project | dynamic Medium Voltage Cable (dMVC),dMVC | SEASNAKE | Seasnake | dynamic Medium Voltage Cable,RISE Research Institutes of Sweden AB,,Sweden; Portugal,Sweden,other,no,kristineberg,Kristineberg marine testsite,Within the SEASNAKE+ project equipment for dynamic testing of paint systems in natural see water at the Kristineberg marine testsite has been constructed and deployed,,,58.25,11.45,test site,2020,2025,2020; 2025,2020:p158; 2025:p199,OBS0472; OBS0484,Pilot observations (page + quoted evidence),installed,Pilot,PRJ0377,,,,,,unreviewed,reviewed 2026-09-24: test site linked from the Pilot's site name
P0309,NoviOcean,annual reports,NoviOcean | Novige/NoviOcean,NO2 | NoviOcean | NoviOcean2,Novige AB,,Sweden,Sweden,wave,yes,,,a 1/5 scale unit was successfully tested offshore outside Stockholm,,,59.2988,18.9510,PRIMRE,2020,2020,2020,2020:p158,OBS0473,Pilot observations (page + quoted evidence),tank_testing,Pilot; PRIMRE,PRJ0378,NoviOcean2 (NO2),reviewed: fix coordinate (same site),Inactive,Sub-scale,https://noviocean.energy/medi-wave-850h/,unreviewed,
P0310,Deep Green Island Mode 2 (DGIM/2),annual reports,Alpha power plant | Deep Green | Minesto - Deep Green Island Mode 2,Minesto | Deep Green | Deep Green Island Mode,Minesto,,Faroe Islands,Sweden,tidal stream,yes,,"Minesto's open sea test site, Vestmannasund",at Minesto’s open sea test site in Vestmannasund (the Faroe Islands),,,62.1139,-7.1520,place,2020,2020,2020,2020:p158,OBS0474,Pilot observations (page + quoted evidence),grid_connected,Pilot,PRJ0379,,,,,,unreviewed,
P0313,CorPower Ocean 5 MW wave energy array at Billia Croo (EMEC),annual reports,,CorPower,CorPower Ocean,,United Kingdom,Sweden,wave,yes,emec,EMEC,"a berth agreement with EMEC (Orkney, Scotland) for a 5 MW wave energy array at Billia Croo",5000,Pilot (report),58.963,-3.296,test site,2025,2025,2025,2025:p201,OBS0481,Pilot observations (page + quoted evidence),planned,Pilot,PRJ0382,,,,,,unreviewed,
P0314,Minesto - Vestmannasund,annual reports,"Dragon 12 | Dragon 4 (""Íðunn"") | Minesto's grid-connected site in Vestmannasund | the company's demonstration site in the North Atlantic | DG100 | Minesto Vestmannasund DG100",DG100 | Minesto | Dragon 4 | Dragon 12 | Minesto's | Vestmanna | Minesto - Vestmannasund,Minesto,Deep Green Tidal Kite,Faroe Islands,Sweden | United Kingdom,tidal stream,yes,,Vestmannasund,"its grid-connected site in Vestmannasund, Faroe Islands",1200,Pilot (report),62.1440,-7.1930,PRIMRE,2020,2025,2020; 2025,2020:p170; 2025:p198,OBS0519; OBS0482,Pilot observations (page + quoted evidence),grid_connected,Pilot; PRIMRE,PRJ0383 | PRJ0415,Vestmanna DG100 Tidal Kite System | Vestmanna Tidal Power Plant - Dragon 12 | Vestmanna Tidal Power Plant - Dragon 4 - 1 | Vestmanna Tidal Power Plant - Dragon 4 - 2,reviewed 2026-09-24: phase of this project (Vestmanna),Active,Full-scale,https://minesto.com/projects/faroe-islands | https://minesto.com/faroe-islands/,unreviewed,reviewed 2026-09-24: merged P0338 (Minesto Vestmannasund DG100)
P0315,KTH – Lidingö Island,annual reports,DEG-based WEC | DEG-based WECs | Electricity generators from weak sea/ocean waves,~KTH | DEG-based,KTH,,Sweden,Sweden,wave,yes,,,The test site was situated at a coast around the Lidingö island close to Stockholm.,,,59.6750,14.5209,country,2025,2025,2025,2025:p199,OBS0483,Pilot observations (page + quoted evidence),installed,Pilot,PRJ0384,,,,,,unreviewed,
P0316,ETRIC – Energy Transition for Remote Islands and Communities,annual reports,,ETRIC,Minesto AB,,Faroe Islands,Sweden,tidal stream,yes,,Vestmannasund,"demonstrating a tidal energy power plant for baseload electricity production to microgrids in Vestmannasund, Faroe Islands",,,62.1139,-7.1520,place,2025,2025,2025,2025:p200,OBS0486,Pilot observations (page + quoted evidence),planned,Pilot,PRJ0385,,,,,,unreviewed,
P0317,Hestfjord Dragon Farm,annual reports,utility scale kites,Hestfjord Dragon,Minesto AB,,Faroe Islands,Sweden,tidal stream,yes,,,"the Hestfjord Dragon Farm, a 10 MW array of utility scale kites in Hestfjord, a nearby strait to Vestmanna in the Faroe Islands",10000,Pilot (report),62.1989,-6.8178,country,2025,2025,2025,2025:p200,OBS0487,Pilot observations (page + quoted evidence),planned,Pilot,PRJ0386,,,,,,unreviewed,
P0318,WECHULL+ prototype deployment at PLOCAN,annual reports,Sustainable Concrete Material Leading to Improved Substructures for Offshore Renewable Energy Technologies (WECHULL+),WECHULL+ | Sustainable Concrete Material Leading,RISE Research Institutes of Sweden AB,,Spain,Sweden,other,no,plocan,PLOCAN,planned to be deployed at the PLOCAN marine test site by the Canary Islands in 2026,,,27.99,-15.37,test site,2025,2025,2025,2025:p200,OBS0488,Pilot observations (page + quoted evidence),planned,Pilot,PRJ0387,,,,,,unreviewed,
P0320,MeyGen,annual reports,AR1500 and AH1000 MK1 | MeyGen Phase 1A | MeyGen array | MeyGen project | MeyGen tidal stream project | MK1 | MeyGen (Andritz Hydro Hammerfest MK1 turbines),MK1 | AR1500 | MeyGen Phase 1A | ~MeyGen Pentland Firth,Ampeak Energy (previously called SAE Renewables),ANDRITZ Hydro HS1500 | SAE AR1500,United Kingdom,United Kingdom | Belgium | Norway,tidal stream,yes,,,situated in the Pentland Firth,86000,Pilot (report),58.6594,-3.1167,PRIMRE,2016,2025,2016; 2020; 2025,2016:p124; 2016:p157; 2020:p54; 2020:p170; 2025:p224,OBS0345; OBS0492; OBS0019; OBS0517; OBS0537,Pilot observations (page + quoted evidence),grid_connected,Pilot; PRIMRE,PRJ0391 | PRJ0017 | PRJ0282,MeyGen Pentland Firth,reviewed 2026-09-24: match,Active,Full-scale,https://saerenewables.com/tidal-stream/meygen/,unreviewed,reviewed 2026-09-24: merged P0014 (MeyGen Phase 1A); reviewed 2026-09-24: merged P0234 (MeyGen (Andritz Hydro Hammerfest MK1 turbines))
P0321,Nova Innovation Shetland Tidal Array (Bluemull Sound),annual reports,Bluemull Sound array | EnFAIT array | M100 / Eunice (direct drive turbine) | M100-D “Eunice” | Nova Innovation Shetland | Nova Innovation Shetland Tidal Array | Nova’s previous 6-turbine array in Shetland | Shetland Tidal Array,M100 | EnFAIT | Nova M100D | ~Bluemull Sound | Nova Innovation | ~Shetland Tidal Array | Nova Innovation Shetland,Nova Innovation,Nova M100 | Nova M100D,United Kingdom,United Kingdom,tidal stream,yes,,,"in the Bluemull Sound, in Scotland’s Shetland Islands",2000,Pilot (report),60.6941,-0.9727,PRIMRE,2016,2025,2016; 2020; 2025,2016:p157; 2020:p170; 2025:p224,OBS0493; OBS0521; OBS0538,Pilot observations (page + quoted evidence),grid_connected,Pilot; PRIMRE,PRJ0392,Nova Innovation - Shetland Tidal Array Pilot | Bluemull Sound Shetland Tidal Array | Bluemull Sound Shetland Tidal Array Phase 2 | Bluemull Sound Shetland Tidal Array Phase 3 | Bluemull Sound Shetland Tidal Array Phase 4,reviewed: reconcile capacity | reviewed 2026-09-24: phase of this project,Inactive | Active,Full-scale,https://marine.gov.scot/sma/assessment/case-study-nova-innovation-shetland-tidal-array | https://novainnovation.com/marine-services,unreviewed,
P0322,Fairhead Tidal,annual reports,Fairhead Tidal project,Fairhead,DP Energy,,United Kingdom,United Kingdom,tidal stream,yes,,,at Fairhead in Northern Ireland,10000,Pilot (report),55.2236,-6.1384,place,2016,2016,2016,2016:p158,OBS0494,Pilot observations (page + quoted evidence),planned,Pilot,PRJ0393,,,,,,unreviewed,
P0323,Scotrenewables Lashy Sound,annual reports,Lashy Sound array,~Lashy Sound | Scotrenewables Lashy Sound,Scotrenewables Tidal Power,Orbital Marine Power SR2000 | Orbital Marine Power O2,United Kingdom,United Kingdom,tidal stream,yes,,,"at Lashy Sound in Orkney, Scotland",10000,Pilot (report),59.2198,-2.7180,PRIMRE,2016,2016,2016,2016:p158,OBS0495,Pilot observations (page + quoted evidence),planned,Pilot; PRIMRE,PRJ0394,Lashy Sound Tidal Array,reviewed 2026-09-24: match,Inactive,Full-scale,https://tethys.pnnl.gov/sites/default/files/publications/LashySound-ScopingReport-2014.pdf,unreviewed,
P0324,Swansea Bay Lagoon,annual reports,Swansea Bay tidal lagoon project,~Swansea Bay | Swansea Bay Lagoon | Swansea Bay Tidal Lagoon,Tidal Lagoon Power Ltd.,,United Kingdom,United Kingdom,tidal range,yes,,,"in Swansea Bay, Wales",320000,Pilot (report),51.6050,-3.9076,PRIMRE,2016,2016,2016,2016:p158,OBS0496,Pilot observations (page + quoted evidence),consented,Pilot; PRIMRE,PRJ0395,Swansea Bay Tidal Lagoon,auto (high confidence),Inactive,Full-scale,https://www.newcivilengineer.com/latest/1-3bn-swansea-bay-tidal-lagoon-officially-sunk-as-developer-loses-planning-appeal-07-12-2022/,unreviewed,
P0325,Carnegie Wave Hub,annual reports,CETO 6 | CETO 6 array at Wave Hub,~CETO | CETO 6 | Carnegie Wave Hub,Carnegie Clean Energy,,United Kingdom,United Kingdom,wave,yes,wave_hub,Wave Hub,"at the Wave Hub site in Cornwall, England",15000,Pilot (report),50.345,-5.61,test site,2016,2016,2016,2016:p158,OBS0497,Pilot observations (page + quoted evidence),planned,Pilot,PRJ0396,,,,,,unreviewed,
P0326,Scotrenewables floating tidal turbine at EMEC,annual reports,,Scotrenewables,Scotrenewables,,United Kingdom,United Kingdom,tidal stream,yes,emec,EMEC,at the flagship European Marine Energy Centre,2000,Pilot (report),58.963,-3.296,test site,2016,2016,2016,2016:p157,OBS0498,Pilot observations (page + quoted evidence),installed,Pilot,PRJ0397,,,,,,unreviewed,
P0327,Sustainable Marine Energy PLAT-O at Fall of Warness,annual reports,PLAT-O,PLAT-O,Sustainable Marine Energy (SME),,United Kingdom,United Kingdom,tidal stream,yes,emec,EMEC,at its Fall of Warness,,,58.963,-3.296,test site,2016,2016,2016,2016:p157,OBS0499,Pilot observations (page + quoted evidence),under_construction,Pilot,PRJ0398,,reviewed 2026-09-24: rejected 'PLAT-I Connel Sound Demonstration',,,,unreviewed,PRIMRE PLAT-I Connel Sound is a different device and site; no PRIMRE record for PLAT-O
P0328,OpenHydro Bay of Fundy turbine,annual reports,,OpenHydro,OpenHydro,,Canada,United Kingdom,tidal stream,yes,,,in the Bay of Fundy,,,44.8512,-66.1978,region,2016,2016,2016,2016:p157,OBS0500,Pilot observations (page + quoted evidence),installed,Pilot,PRJ0399,,,,,,unreviewed,
P0330,Ness of Duncansby,annual reports,,Ness of Duncansby,Tidal Power Scotland Ltd (TPSL),,United Kingdom,United Kingdom,tidal stream,yes,,,"several tidal energy projects in Scotland including Sound of Islay, Ness of Duncansby, Brough Ness and Mull of Galloway",30000,PRIMRE,58.6914,-3.0175,PRIMRE,2016,2016,2016,2016:p158,OBS0502,Pilot observations (page + quoted evidence),planned,Pilot; PRIMRE,PRJ0401,Ness of Duncansby Tidal Array,auto (high confidence),Inactive,Full-scale,https://www.bbc.com/news/uk-scotland-scotland-business-35120995,unreviewed,
P0331,Brough Ness,annual reports,,Brough Ness,Tidal Power Scotland Ltd (TPSL),,United Kingdom,United Kingdom,tidal stream,yes,,,"several tidal energy projects in Scotland including Sound of Islay, Ness of Duncansby, Brough Ness and Mull of Galloway",99000,PRIMRE,60.6145,-0.9523,PRIMRE,2016,2016,2016,2016:p158,OBS0503,Pilot observations (page + quoted evidence),planned,Pilot; PRIMRE,PRJ0402,Seagen Brough Ness,"reviewed 2026-09-24: match (same Brough Ness lease, MCT -> Atlantis/TPSL)",Inactive,Full-scale,https://www.pentlandfirthrenewables.co.uk/portfolio/brough-ness/,unreviewed,
P0332,Mull of Galloway,annual reports,,Mull of Galloway,Tidal Power Scotland Ltd (TPSL),,United Kingdom,United Kingdom,tidal stream,yes,,,"several tidal energy projects in Scotland including Sound of Islay, Ness of Duncansby, Brough Ness and Mull of Galloway",30000,PRIMRE,54.5898,-4.9690,PRIMRE,2016,2016,2016,2016:p158,OBS0504,Pilot observations (page + quoted evidence),planned,Pilot; PRIMRE,PRJ0403,Mull of Galloway,auto (high confidence),Inactive,Full-scale,https://www.annualreports.com/HostedData/AnnualReportArchive/s/LSE_SAE_2019.pdf,unreviewed,
P0333,CorPower test and demonstration project at EMEC,annual reports,,CorPower,CorPower,,United Kingdom,United Kingdom,wave,yes,emec,EMEC,at EMEC,,,58.963,-3.296,test site,2016,2016,2016,2016:p157,OBS0505,Pilot observations (page + quoted evidence),planned,Pilot,PRJ0404,,,,,,unreviewed,
P0334,Laminaria test and demonstration project at EMEC,annual reports,,Laminaria,Laminaria,,United Kingdom,United Kingdom,wave,yes,emec,EMEC,at EMEC,,,58.963,-3.296,test site,2016,2016,2016,2016:p157,OBS0506,Pilot observations (page + quoted evidence),planned,Pilot,PRJ0405,,,,,,unreviewed,
P0335,Tocardo Tidal Power test and demonstration project at EMEC,annual reports,,Tocardo,Tocardo Tidal Power,,United Kingdom,United Kingdom,tidal stream,yes,emec,EMEC,at EMEC,,,58.963,-3.296,test site,2016,2016,2016,2016:p157,OBS0507,Pilot observations (page + quoted evidence),planned,Pilot,PRJ0406,,,,,,unreviewed,
P0336,Nautricity test and demonstration project at EMEC,annual reports,,Nautricity,Nautricity,,United Kingdom,United Kingdom,tidal stream,yes,emec,EMEC,at EMEC,,,58.963,-3.296,test site,2016,2016,2016,2016:p157,OBS0508,Pilot observations (page + quoted evidence),planned,Pilot,PRJ0407,,,,,,unreviewed,
P0339,Magallanes Renovables ATIR at EMEC,annual reports,ATIR | Ocean_2G,~ATIR | Ocean_2G | Magallanes Renovables ATIR,Magallanes Renovables,,United Kingdom,United Kingdom,tidal stream,yes,emec,EMEC,at EMEC’s grid-connected Fall of Warness tidal test site,2000,Pilot (report),58.963,-3.296,test site,2020,2020,2020,2020:p170,OBS0520,Pilot observations (page + quoted evidence),retrieved,Pilot,PRJ0416,,,,,,unreviewed,
P0341,Enlli tidal energy project,annual reports,The Island in the Currents,Enlli | ~Island in the Currents,Nova Innovation,,United Kingdom,United Kingdom,tidal stream,yes,,,its ground-breaking Enlli tidal energy project,,,52.7569,-4.7886,place,2020,2020,2020,2020:p163,OBS0523,Pilot observations (page + quoted evidence),planned,Pilot,PRJ0418,,,,,,unreviewed,
P0342,Bombora Pembrokeshire Demonstration Project,annual reports,Pembrokeshire Demonstration Project | mWave,mWave | ~Pembrokeshire | ~Pembrokeshire Demonstration Project,Bombora Wavepower,Bombora Bottom Fixed mWave,United Kingdom,United Kingdom,wave,yes,,,"off the coast of Pembrokeshire, Wales",1500,Pilot (report),51.8163,-5.2244,PRIMRE,2020,2020,2020,2020:p171,OBS0524,Pilot observations (page + quoted evidence),fabrication,Pilot; PRIMRE,PRJ0419,Full Scale 1.5MW Pembrokeshire Demonstration,reviewed 2026-09-24: match,Active,Full-scale,https://bomborawave.com/latest-news/project/1-5mw-pembrokeshire-project/,unreviewed,
P0343,AWS Archimedes Waveswing,annual reports,Archimedes Wave Swing | Archimedes Waveswing,Archimedes Waveswing | Archimedes Wave Swing,AWS Ocean Energy,,United Kingdom,United Kingdom,wave,yes,emec,EMEC,develop a prototype and deploy and test in Orkney,,,58.963,-3.296,test site,2020,2020,2020,2020:p171,OBS0525,Pilot observations (page + quoted evidence),fabrication,Pilot,PRJ0420,,,,,,unreviewed,
P0344,Mocean Energy Blue X,annual reports,Blue X | Blue X prototype | Mocean Energy Blue X (Renewables for Subsea Power) | RSP project | Blue Star 10 | Blue Star 10 OEC | EuropeWave Phase 3 | Mocean Energy Blue Star 10 (EuropeWave),~RSP | Blue X | Blue Star | EuropeWave | Blue Star 10,Mocean Energy,Mocean Energy Blue X,United Kingdom,United Kingdom,wave,yes,emec,EMEC,at EMEC in Orkney,100,PRIMRE,58.963,-3.296,test site,2020,2025,2020; 2025,2020:p171; 2025:p225,OBS0526; OBS0545; OBS0546,Pilot observations (page + quoted evidence),planned,Pilot; PRIMRE,PRJ0421 | PRJ0433,Renewables for Subsea Power (RSP) Project,reviewed 2026-09-24: match,Inactive,Full-scale,https://www.mocean.energy/renewables-for-subsea-power-project-completes-milestone/,unreviewed,reviewed 2026-09-24: merged P0353 (Mocean Energy Blue X)
P0345,Marine Power Systems WaveSub,annual reports,MPS commercial demonstrator | WaveSub,~MPS | WaveSub,Marine Power Systems (MPS),,United Kingdom,United Kingdom,wave,yes,,,build their first commercial demonstrator device in Wales,,,52.2928,-3.7389,region,2020,2020,2020,2020:p171,OBS0527,Pilot observations (page + quoted evidence),design,Pilot,PRJ0422,,,,,,unreviewed,
P0346,AMOG AEP at FaBTest,annual reports,AEP,~AEP,AMOG Consulting Ltd.,,United Kingdom,United Kingdom,wave,yes,fabtest,FaBTest,a 2.8km2 test site in Falmouth Bay on the south coast of Cornwall,,,50.13,-5.02,test site,2020,2020,2020,2020:p169,OBS0528,Pilot observations (page + quoted evidence),retrieved,Pilot,PRJ0423,,,,,,unreviewed,
P0347,Orbital Marine Power O2 at EMEC,annual reports,O2 | Orbital Marine Power O2 | Orbital O2 | Orbital O2 at EMEC | the O2 2 MW | FORWARD 2030 | FORWARD-2030 | O2-X | Orbital O2-X / FORWARD-2030 demonstration at EMEC,O2-X | O2 2 MW | FORWARD | Orbital O2 | FORWARD-2030,Orbital Marine Power,,United Kingdom,United Kingdom,tidal stream,yes,emec,EMEC,currently operating at the European Marine Energy Centre in Orkney,2400,Pilot (report),58.963,-3.296,test site,2020,2025,2020; 2025,2020:p171; 2025:p219; 2025:p224,OBS0529; OBS0540; OBS0539,Pilot observations (page + quoted evidence),design,Pilot,PRJ0424 | PRJ0428,,,,,,unreviewed,reviewed 2026-09-24: merged P0348 (Orbital Marine Power O2 at EMEC)
P0350,EURO-TIDES,annual reports,,EURO-TIDES,Orbital Marine Power,,United Kingdom,United Kingdom,tidal stream,yes,emec,EMEC,three pilot farms at EMEC have been successful in gaining significant support through Horizon Europe funding: ... Orbital Marine Power are leading the EURO-TIDES project which aims to deploy a 9.6 MW tidal farm of 4 tidal stream turbines,9600,Pilot (report),58.963,-3.296,test site,2025,2025,2025,2025:p217,OBS0542,Pilot observations (page + quoted evidence),planned,Pilot,PRJ0430,,,,,,unreviewed,
P0351,Project Valiant,annual reports,POWER-Farm | POWER-Farm EU,POWER-Farm | Project Valiant,CorPower Ocean,,United Kingdom,United Kingdom,wave,yes,emec,EMEC,verifying survivability and reliability at the EMEC Billia Croo test site,5000,Pilot (report),58.963,-3.296,test site,2025,2025,2025,2025:p225,OBS0543,Pilot observations (page + quoted evidence),planned,Pilot,PRJ0431,,,,,,unreviewed,
P0354,Mocean Energy OceanPULSE (Australia),annual reports,Blue Star | OceanPULSE,Blue Star | OceanPULSE,Mocean Energy,,Australia,United Kingdom,wave,yes,,,culminating in a deployment in Australia in 2028,,,-24.7761,134.7550,country,2025,2025,2025,2025:p225,OBS0547,Pilot observations (page + quoted evidence),planned,Pilot,PRJ0434,,,,,,unreviewed,
P0355,Inyanga HydroWing array at Morlais,annual reports,HydroWing | Hydrowing,HydroWing | Hydrowing,Inyanga Marine Energy Group,,United Kingdom,United Kingdom,tidal stream,yes,morlais,Morlais,supporting the demonstration phase of its Hydrowing technology at Morlais,20000,Pilot (report),53.3,-4.72,test site,2025,2025,2025,2025:p214,OBS0548,Pilot observations (page + quoted evidence),consented,Pilot,PRJ0435,,,,,,unreviewed,
P0356,Verdant Isles,annual reports,Verdant Isles project,Verdant Isles,Verdant Power,,United Kingdom,United Kingdom,tidal stream,yes,morlais,Morlais,Verdant Power is developing the Verdant Isles project at Morlais,4900,Pilot (report),53.3,-4.72,test site,2025,2025,2025,2025:p226,OBS0549,Pilot observations (page + quoted evidence),consented,Pilot,PRJ0436,,,,,,unreviewed,
P0357,Magallanes Renovables project at Morlais,annual reports,,Magallanes Renovables,Magallanes Renovables,,United Kingdom,United Kingdom,tidal stream,yes,morlais,Morlais,"Four developers have secured subsidy support under the Contracts for Difference (CfD) scheme in AR4, AR5 and AR6, namely Hydrowing, Magallanes Renovables, Môr Energy, and Verdant Isles.",,,53.3,-4.72,test site,2025,2025,2025,2025:p223,OBS0550,Pilot observations (page + quoted evidence),consented,Pilot,PRJ0437,,,,,,unreviewed,
P0358,Môr Energy project at Morlais,annual reports,,Môr,Môr Energy,,United Kingdom,United Kingdom,tidal stream,yes,morlais,Morlais,"Four developers have secured subsidy support under the Contracts for Difference (CfD) scheme in AR4, AR5 and AR6, namely Hydrowing, Magallanes Renovables, Môr Energy, and Verdant Isles.",,,53.3,-4.72,test site,2025,2025,2025,2025:p223,OBS0551,Pilot observations (page + quoted evidence),consented,Pilot,PRJ0438,,,,,,unreviewed,
P0359,"Orbital Marine Power at FORCE, Nova Scotia",annual reports,Euclaire Tidal / Orbital FORCE project | O2-X,O2-X | Euclaire | Orbital Marine Power,Orbital Marine Power,,Canada,United Kingdom,tidal stream,yes,force,FORCE (Fundy Ocean Research Centre for Energy),seabed and grid connection rights at the Fundy Ocean Research Centre for Energy (FORCE) in the Bay of Fundy,12500,Pilot (report),45.37,-64.43,test site,2025,2025,2025,2025:p225,OBS0552,Pilot observations (page + quoted evidence),consented,Pilot,PRJ0439,,,,,,unreviewed,
P0360,Proteus AR1100 in Japan,annual reports,AR1100,AR1100,Proteus Marine Renewables,,Japan,United Kingdom,tidal stream,yes,,,"Internationally, Proteus’ 1.1 MW AR1100 turbine became the first grid-certified tidal turbine deployed in Japan in 2025.",1100,Pilot (report),36.5748,139.2394,country,2025,2025,2025,2025:p226,OBS0553,Pilot observations (page + quoted evidence),grid_connected,Pilot,PRJ0440,,,,,,unreviewed,
P0361,"NH1 pilot array, Raz Blanchard",annual reports,AR3000 | Normandie Hydroliennes NH1 | Raz Blanchard project | NH1 | NH1 project | Normandie Hydroliennes pilot farm,NH1 | AR3000 | ~Raz Blanchard | Normandie Hydroliennes,Normandie Hydroliennes,Proteus AR3000,France,United Kingdom | European Commission | France,tidal stream,yes,,,the 12 MW NH1 pilot array at Raz Blanchard,12000,Pilot (report),49.7304,-2.0569,PRIMRE,2025,2025,2025,2025:p118; 2025:p126; 2025:p226,OBS0148; OBS0189; OBS0554,Pilot observations (page + quoted evidence),planned,Pilot; PRIMRE,PRJ0441 | PRJ0119 | PRJ0153,Normandie Hydroliennes NH1 Tidal Energy Project,reviewed 2026-09-24: match,Active,Full-scale,https://normandiehydroliennes.fr/en/le-projet-nh1/,unreviewed,reviewed 2026-09-24: merged P0099 (NH1); reviewed 2026-09-24: merged P0126 (NH1)
P0362,Cook Inlet tidal pilot project,annual reports,,~Cook Inlet,ORPC,,United States,United Kingdom,tidal stream,yes,,,"a 2 MW tidal pilot project in Cook Inlet, Alaska",2000,Pilot (report),58.9419,-153.1856,place,2025,2025,2025,2025:p226,OBS0555,Pilot observations (page + quoted evidence),planned,Pilot,PRJ0442,,,,,,unreviewed,
P0363,Proteus / SBS / PLN Indonesia tidal development,annual reports,,~Proteus,Proteus Marine Renewables,,Indonesia,United Kingdom,tidal stream,yes,,,"working with SBS and PLN Indonesia Power on early-stage tidal energy development in Indonesia, where approvals were granted in 2025",,,-2.4834,117.8903,country,2025,2025,2025,2025:p226,OBS0556,Pilot observations (page + quoted evidence),planned,Pilot,PRJ0443,,reviewed 2026-09-24: rejected 'SBS 1MW Pilot Project',,,,unreviewed,PRIMRE has three SBS Indonesia projects; report too vague to choose
P0364,Tidegen,annual reports,CGEN modular tidal generator | Tidegen,~CGEN | Tidegen,CGEN Engineering,,United Kingdom,United Kingdom,tidal stream,yes,meta,META,at METAs Warrior Way site,,,51.7,-5.05,test site,2025,2025,2025,2025:p214,OBS0557,Pilot observations (page + quoted evidence),installed,Pilot,PRJ0444,,,,,,unreviewed,
P0365,Porpoise Power tidal energy convertor trial at META,annual reports,,Porpoise Power,Porpoise Power,,United Kingdom,United Kingdom,tidal stream,yes,meta,META,"In 2025, META successfully completed three test programmes: Porpoise Power trialled their highly innovative tidal energy convertor which uses an oscillating hydrofoil inspired by a porpoise tail fin",,,51.7,-5.05,test site,2025,2025,2025,2025:p223,OBS0558,Pilot observations (page + quoted evidence),installed,Pilot,PRJ0445,,,,,,unreviewed,
P0366,Môr Neidr,annual reports,Môr Neidr | Sea Snake,Môr Neidr | Sea Snake,Checkmate Flexible Engineering,,United Kingdom,United Kingdom,wave,yes,,,"Separately, Innovate UK awarded £750k to Checkmate Flexible Engineering for its “Môr Neidr” (Welsh for Sea Snake) wave energy converter project.",,,54.7024,-3.2766,country,2025,2025,2025,2025:p214,OBS0559,Pilot observations (page + quoted evidence),design,Pilot,PRJ0446,,,,,,unreviewed,
P0367,CETO Wave Energy Ireland EuropeWave deployment at BiMEP,annual reports,EuropeWave Phase 3,EuropeWave,CETO Wave Energy Ireland,,Spain,United Kingdom,wave,yes,bimep,BiMEP,will deploy their devices at the Basque Country’s BiMEP test site,,,43.46,-2.88,test site,2025,2025,2025,2025:p217,OBS0560,Pilot observations (page + quoted evidence),planned,Pilot,PRJ0447,,,,,,unreviewed,
P0368,IDOM EuropeWave deployment at BiMEP,annual reports,EuropeWave Phase 3,EuropeWave,IDOM Consulting Engineering,,Spain,United Kingdom,wave,yes,bimep,BiMEP,will deploy their devices at the Basque Country’s BiMEP test site,,,43.46,-2.88,test site,2025,2025,2025,2025:p217,OBS0561,Pilot observations (page + quoted evidence),planned,Pilot,PRJ0448,,,,,,unreviewed,
P0369,M4 wave energy device,annual reports,M4,M4,,,Australia,United Kingdom,wave,yes,,,the semi-commercial M4 wave energy device in Western Australia,,,-25.2303,121.0187,region,2025,2025,2025,2025:p217,OBS0562,Pilot observations (page + quoted evidence),unknown,Pilot,PRJ0449,,,,,,unreviewed,
P0370,Fred. Olsen BOLT Lifesaver at WETS,annual reports,BOLT Lifesaver | Fred. Olsen,Fred. Olsen | BOLT Lifesaver,Fred. Olsen Autonomous Sea Power,,United States,United States,wave,yes,wets_us,WETS,"Fred. Olsen Autonomous Sea Power's wave energy converter, the BOLT Lifesaver, was installed at WETS on March 26, 2016.",,,21.47,-157.75,test site,2016,2016,2016,2016:p168,OBS0576,Pilot observations (page + quoted evidence),operational,Pilot,PRJ0463,,,,,,unreviewed,
P0371,Northwest Energy Innovations (NWEI) Azura at WETS,annual reports,Azura | Azura full scale | AZURA Wave | WET-NZ | Wave Energy Technology New Zealand,~NWEI | Azura | AZURA | WET-NZ | Wave Energy Technology New Zealand,Northwest Energy Innovations (NWEI),,United States,United States | New Zealand,wave,yes,wets_us,WETS,a half-scale device was tested with 98% availability for 19 months beginning in June 2015 at the 30 m berth at WETS ... demonstrate commercial viability at a deep water berth at U.S. Navy's WETS in Hawaii,,,21.47,-157.75,test site,2016,2016,2016,2016:p119; 2016:p169,OBS0330; OBS0577,Pilot observations (page + quoted evidence),grid_connected,Pilot,PRJ0464 | PRJ0267,,,,,,unreviewed,reviewed 2026-09-24: merged P0221 (Azura)
P0372,Ocean Energy OE Buoy at WETS,annual reports,"OE Buoy | Ocean Energy (OE) USA | Ocean Energy (OE) USA OE Buoy at WETS | Ocean Energy Buoy | Ocean Energy Buoy at WETS | OE-35 | Ocean Energy OE-35 deployment at WETS, Hawaii",OE-35 | OE Buoy | ~Ocean Energy USA | Ocean Energy Buoy | Ocean Energy (OE) USA,Ocean Energy (OE) USA,,United States,United States | Ireland,wave,yes,wets_us,WETS,Ocean Energy recently constructed a 500 kW Ocean Energy Buoy which was towed across the Pacific to the U.S. Navy's Wave Energy Test Site (WETS) in Hawaii in December 2019. The device is currently in port undergoing system preparation for its pending deployment.,500,Pilot (report),21.47,-157.75,test site,2016,2025,2016; 2020; 2025,2016:p169; 2020:p178; 2025:p135,OBS0578; OBS0593; OBS0231,Pilot observations (page + quoted evidence),installed,Pilot,PRJ0465 | PRJ0187,,,,,,unreviewed,"reviewed 2026-09-24: merged P0157 (Ocean Energy OE-35 deployment at WETS, Hawaii)"
P0373,Columbia Power Technologies StingRAY at WETS,annual reports,C-Power | CPwr | C·Power StingRAY H3 at WETS | StingRAY | StingRAY (version 3.2) | StingRAY H3 | WETS StingRAY,CPwr | C-Power | StingRAY,"Columbia Power Technologies, Inc. (CPwr)",,United States,United States,wave,yes,wets_us,WETS,"at the U.S. Navy's Wave Energy Test Site (WETS) in Hawaii, USA",,,21.47,-157.75,test site,2016,2020,2016; 2020,2016:p169; 2020:p178,OBS0579; OBS0592,Pilot observations (page + quoted evidence),planned,Pilot,PRJ0466,,,,,,unreviewed,
P0374,"Verdant Power Kinetic Hydropower System (KHPS) TriFrame, East River (RITE)",annual reports,"Fifth Generation Kinetic Hydropower System | Fifth Generation Kinetic Hydropower System (Gen5 KHPS) | Gen5 KHPS | KHPS | Kinetic Hydropower System (KHPS) | TF | TriFrame | Verdant Power Gen5 KHPS, East River",~KHPS | ~RITE | TriFrame | Gen5 KHPS | ~Roosevelt Island | Kinetic Hydropower,Verdant Power,Kinetic Hydropower System (KHPS) Gen4,United States,United States,tidal stream,yes,,,"The system was recently deployed in the East River near New York City, NY in October 2020.",1050,PRIMRE,40.7621,-73.9516,PRIMRE,2016,2020,2016; 2020,2016:p169; 2020:p178,OBS0580; OBS0589,Pilot observations (page + quoted evidence),installed,Pilot; PRIMRE,PRJ0467,Roosevelt Island Tidal Energy (RITE) Pilot Project | Roosevelt Island Tidal Energy (RITE) Project Demonstration,auto (high confidence) | reviewed 2026-09-24: match,Inactive,Full-scale,https://verdantpower.com/rite/,unreviewed,
P0375,"ORPC RivGen Power System, Igiugig, Alaska",annual reports,"Igiugig Village Council and Ocean Renewable Power Company RivGen Power System | ORPC RivGen Power System, Igiugig | RivGen | RivGen Power System | RivGen® Power System | RivGen Power System at Igiugig",RivGen | RivGen® | ORPC RivGen | RivGen Power System | Igiugig Village Council,Ocean Renewable Power Company (ORPC),RivGen Power System,United States,United States | Canada,river current,yes,,,"Igiugig Village, Alaska, has partnered with Ocean Renewable Power Company (ORPC) to develop the RivGen Power System, a submerged cross-flow river current turbine system.",35,Pilot (report),59.3172,-155.9479,PRIMRE,2016,2020,2016; 2020,2016:p170; 2020:p67; 2020:p178,OBS0581; OBS0055; OBS0588,Pilot observations (page + quoted evidence),operational,Pilot; PRIMRE,PRJ0468 | PRJ0047,Igiugig Alaska Phase 1 | Igiugig Alaska Phase 2 | Igiugig Alaska Phase 3,reviewed 2026-09-24: phase of this project,Active,Full-scale,https://orpc.co/rivgen-power-system-integrated-microgrid-solutions-2/,unreviewed,reviewed 2026-09-24: merged P0040 (RivGen Power System at Igiugig)
P0376,Resolute Marine Energy Oscillating Wave Surge Converter at Camp Rilea,annual reports,Oscillating Wave Surge Converter (OWSC) | RME OWSC | Resolute Marine Energy,~OWSC | Oscillating Wave Surge | Resolute Marine Energy,Resolute Marine Energy (RME),,United States,United States,wave,yes,,,"RME will then deploy a full-scale system at Camp Rilea, Oregon, for approximately one year of ocean trials.",,,46.1227,-123.9266,place,2016,2016,2016,2016:p170,OBS0582,Pilot observations (page + quoted evidence),planned,Pilot,PRJ0469,,,,,,unreviewed,
P0377,CalWave submerged pressure differential WEC off San Diego,annual reports,CalWave,CalWave,CalWave,CalWave Technologies xWave,United States,United States,wave,yes,,,"off the coast of San Diego, California near Scripps Institute of Oceanography",1,PRIMRE,32.8672,-117.2616,PRIMRE,2020,2020,2020,2020:p178,OBS0590,Pilot observations (page + quoted evidence),planned,Pilot; PRIMRE,PRJ0472,CalWave Scripps X1 Pilot,reviewed 2026-09-24: match,Inactive,Full-scale,https://calwave.energy/calwave-successfully-concludes-historic-wave-energy-pilot-in-california/,unreviewed,
P0378,C-Power SeaRAY at WETS,annual reports,C·Power | SeaRAY,SeaRAY | C·Power,C-Power,,United States,United States,wave,yes,wets_us,WETS,"at the U.S. Navy's Wave Energy Test Site (WETS) in Hawaii, USA",1,Pilot (report),21.47,-157.75,test site,2020,2020,2020,2020:p178,OBS0591,Pilot observations (page + quoted evidence),planned,Pilot,PRJ0473,,,,,,unreviewed,
P0379,Oscilla Power Triton-C at WETS,annual reports,Triton | Triton-C,Triton-C,Oscilla Power,,United States,United States,wave,yes,wets_us,WETS,scheduled for a year-long test commencing in Spring 2021 at WETS in Hawaii,100,Pilot (report),21.47,-157.75,test site,2020,2020,2020,2020:p178,OBS0594,Pilot observations (page + quoted evidence),fabrication,Pilot,PRJ0474,,,,,,unreviewed,
P0380,3MW Lanzarote Wave Park,PRIMRE,,3MW Lanzarote,Enzen Global Limited,Bombora Bottom Fixed mWave,Spain,,wave,yes,,,"La Santa, Lanzarote, Canary Islands",3000,PRIMRE,29.0988,-13.6847,PRIMRE,,,,,,,,PRIMRE,,3MW Lanzarote Wave Park,PRIMRE record,Active,Full-scale,https://bomborawave.com/latest-news/project/3mw-lanzarote-wave-park/,PRIMRE only: not named in the reports,
P0381,APL WEC-UUV System (TigerRay and BlueROV2),PRIMRE,,APL WEC-UUV | ~C-Power SeaRAY,UW Applied Physics Laboratory,C-Power SeaRAY,United States,,wave,yes,pmec_lake_washington,,"Lake Washington, Washington",2,PRIMRE,47.63,-122.26,test site,,,,,,,,PRIMRE,,APL WEC-UUV System (TigerRay and BlueROV2),PRIMRE record,Inactive,Full-scale,https://cpower.co/first-c-power-ocean-eneregy-system-in-action/,PRIMRE only: not named in the reports,
P0382,Admiralty Inlet,annual reports,,~Open Centre | Admiralty Inlet | ~Open Centre Turbine,Snohomish County PUD No 1,Open Centre Turbine,United States,,tidal,yes,,,Puget Sound - Admiralty Inlet,1000,PRIMRE,48.0625,-122.6531,PRIMRE,2008,2013,2008; 2009; 2010; 2011; 2012; 2013,,,name search for 'Admiralty Inlet' (unverified),,PRIMRE,,Admiralty Inlet,PRIMRE record,Inactive,Sub-scale,https://www.snopud.com/community-environment/our-energy-future/projects/research/tidal-energy/tidal-project-overview/,reviewed 2026-09-24: PRIMRE project named in the reports as 'Admiralty Inlet' (2008-2013); not in the Pilot years,
P0383,Afsluitdijk T-1 Demonstration,PRIMRE,,Afsluitdijk T-1 | ~Tocardo International T1,Tocardo International BV,Tocardo International T1 Turbine,Netherlands,,tidal,yes,,,Afsluitdijk Sluice,300,PRIMRE,53.0155,5.2029,PRIMRE,,,,,,,,PRIMRE,,Afsluitdijk T-1 Demonstration,PRIMRE record,Inactive,Full-scale,https://www.tocardo.com/contract-t-1-turbines-news-subhub/,PRIMRE only: not named in the reports,test site link to redstack removed: matched on a shared place word only
P0384,Afsluitdijk T-1 Test,PRIMRE,,Afsluitdijk T-1 | Afsluitdijk T-1 Test,Tocardo International BV,Tocardo International T1 Turbine,Netherlands,,tidal,yes,,,Afsluitdijk Sluice,100,PRIMRE,52.9684,5.1083,PRIMRE,,,,,,,,PRIMRE,,Afsluitdijk T-1 Test,PRIMRE record,Inactive,Full-scale,https://www.tocardo.com/about/history/,PRIMRE only: not named in the reports,test site link to redstack removed: matched on a shared place word only
P0385,Agulhas Current HAE,PRIMRE,,~HAE Oceanus | Agulhas Current HAE,Hydro Alternative Energy Inc,HAE Oceanus,South Africa,,ocean current,yes,,,"Agulhas Current, eThekwini Municipality",1000,PRIMRE,-29.7828,31.0827,PRIMRE,,,,,,,,PRIMRE,,Agulhas Current HAE,PRIMRE record,Inactive,Full-scale,http://haeturbines.com/current/,PRIMRE only: not named in the reports,
P0386,Albany Wave Energy Project AWEP,PRIMRE,,~Carnegie Clean Energy CETO | ~Carnegie Clean Energy CETO 6,Carnegie Clean Energy,Carnegie Clean Energy CETO 6,Australia,,wave,yes,,,"Indian Ocean, Albany",1500,PRIMRE,-35.0933,117.8026,PRIMRE,,,,,,,,PRIMRE,,Albany Wave Energy Project AWEP,PRIMRE record,Inactive,Full-scale,https://arena.gov.au/projects/carnegie-ceto-6-technology/,PRIMRE only: not named in the reports,
P0387,AltaSea Eco Wave Power,PRIMRE,,AltaSea Eco,Eco Wave Power,Eco Wave Power Wave Clapper,United States,,wave,yes,,,Port of Los Angeles,100,PRIMRE,33.7038,-118.2092,PRIMRE,,,,,,,,PRIMRE,,AltaSea Eco Wave Power,PRIMRE record,Active,Full-scale,https://www.ecowavepower.com/eco-wave-powers-innovative-wave-energy-pilot-is-on-way-to-altasea-at-the-port-of-los-angeles/,PRIMRE only: not named in the reports,
P0388,American Tidal Energy Project ATEP,PRIMRE,,~TidGen,Ocean Renewable Power Company,TidGen Power System | Proteus AR3000,United States,,tidal,yes,,,"East Foreland, Cook Inlet, Alaska",5000,PRIMRE,60.7202,-151.3968,PRIMRE,,,,,,,,PRIMRE,,American Tidal Energy Project ATEP,PRIMRE record,Active,Full-scale,https://americantidalenergy.com/,PRIMRE only: not named in the reports,
P0389,AquaGen BioRock Deployment for Gili Trawangan,PRIMRE,,AquaGen BioRock,Aquagen Blue,Minnow,Indonesia,,tidal,yes,,,"Bali Sea, Gili Trawangan, Indonesia",0.1,PRIMRE,-8.3510,116.0346,PRIMRE,,,,,,,,PRIMRE,,AquaGen BioRock Deployment for Gili Trawangan,PRIMRE record,Active,Full-scale,https://www.dynorotor.com/coralreefs,PRIMRE only: not named in the reports,
P0390,Argyll Tidal Demonstrator Project,PRIMRE,,Argyll | ~Nautricity CoRMaT,Argyll Tidal Limited,Nautricity CoRMaT,United Kingdom,,tidal,yes,,,"Mull of Kintyre, Argyll and Bute, Scotland",500,PRIMRE,55.3086,-5.8485,PRIMRE,,,,,,,,PRIMRE,,Argyll Tidal Demonstrator Project,PRIMRE record,Inactive,Full-scale,https://tethys.pnnl.gov/sites/default/files/publications/Nautricity-EA-2013.pdf,PRIMRE only: not named in the reports,"its device 'Nautricity CoRMaT' is named in the reports (2014-2014), perhaps for another deployment"
P0391,BD102X in The Qiongzhou Strait,PRIMRE,,BD102X,Guangzhou Institute of Energy Conversion,BD102X,China,,wave,yes,,,Qiongzhou Strait,0.1,PRIMRE,20.1599,110.2817,PRIMRE,,,,,,,,PRIMRE,,BD102X in The Qiongzhou Strait,PRIMRE record,Inactive,Full-scale,,PRIMRE only: not named in the reports,
P0392,Baishakou Tidal Barrage Power Station,PRIMRE,,Baishakou Tidal Barrage,Rushan Water Conservancy Survey and Design Institute,,China,,tidal,yes,,,"Yellow Sea Baishakou, Shandong",960,PRIMRE,36.8089,121.6315,PRIMRE,,,,,,,,PRIMRE,,Baishakou Tidal Barrage Power Station,PRIMRE record,Inactive,Full-scale,https://baijiahao.baidu.com/s?id=1791313254709508548,PRIMRE only: not named in the reports,
P0393,Barbados Wave Energy Farm,PRIMRE,,~Wello Oy Penguin,Wello Oy,Wello Oy Penguin,Barbados,,wave,yes,,,Consett Bay,5000,PRIMRE,13.1804,-59.4671,PRIMRE,,,,,,,,PRIMRE,,Barbados Wave Energy Farm,PRIMRE record,Inactive,Full-scale,https://www.maritimeeconomy.com/post-details.php?post_id=aGdobg==&post_name=Wello_and_BIDC_sign_commercial_agreement__for_deployment_of_a_5_MW_wave_energy_farm_in_Barbados&segment_name=Ocean__Offshore_Energy,PRIMRE only: not named in the reports,"its device 'Wello Oy Penguin' is named in the reports (2011-2018), perhaps for another deployment"
P0394,Bardsey Sound Tidal Array,annual reports,,~Nova M100 | Bardsey Sound,Nova Innovation Ltd,Nova M100,United Kingdom,,tidal,yes,,,"Bardsey Sound, Irish Sea",500,PRIMRE,52.7805,-4.7657,PRIMRE,2017,2017,2017,,,name search for 'Bardsey Sound' (unverified),,PRIMRE,,Bardsey Sound Tidal Array,PRIMRE record,Inactive,Full-scale,https://www.marineenergywales.co.uk/u-k-news/nova-innovation-mothball-enlli-tidal-project/,reviewed 2026-09-24: PRIMRE project named in the reports as 'Bardsey Sound' (2017-2017); not in the Pilot years,
P0395,Bermuda Seabased Power Park,PRIMRE,,~Seabased,Seabased AB,Seabased WEC,Bermuda,,wave,yes,,,Bermuda Islands,40000,PRIMRE,32.3138,-64.7293,PRIMRE,,,,,,,,PRIMRE,,Bermuda Seabased Power Park,PRIMRE record,Active,Full-scale,https://seabased.com/news-insights/bermuda-seabased-agreement-40mw-power-park,PRIMRE only: not named in the reports,
P0396,Bernera,PRIMRE,,~Pelamis P2,Pelamis Wave Power,P2 | Pelamis P2,United Kingdom,,wave,yes,,,Outer Hebrides,10000,PRIMRE,57.7625,-7.1089,PRIMRE,,,,,,,,PRIMRE,,Bernera,PRIMRE record,Inactive,Full-scale,https://www.offshorewind.biz/2011/10/12/pelamis-wave-power​-gets-green-light-for-western-isles’-first-wave-farm-uk/,PRIMRE only: not named in the reports,"its device 'Pelamis P2' is named in the reports (2010-2013), perhaps for another deployment"
P0397,BladeRunner Turbine Napaimute Pilot Project,PRIMRE,,BladeRunner,"Alaska Center for Energy and Power,BladeRunner Energy",BladeRunner Turbine,United States,,river current,yes,,,"Kuskokwim River, Alaska",5,PRIMRE,61.5349,-158.6608,PRIMRE,,,,,,,,PRIMRE,,BladeRunner Turbine Napaimute Pilot Project,PRIMRE record,Active,Full-scale,https://triplepundit.com/2026/hydrokinetic-river-turbine-renewable-energy-alaska-salmon/,PRIMRE only: not named in the reports,
P0398,Blue Shark Power China 1,PRIMRE,,Blue Shark,Blue Shark Power System,Blue Shark Marine,China,,tidal,yes,,,"Xiushan Island, Zhejiang Province",300,PRIMRE,30.1338,122.1720,PRIMRE,,,,,,,,PRIMRE,,Blue Shark Power China 1,PRIMRE record,Inactive,Full-scale,https://bluesharkpower.eu/stock-exchange/,PRIMRE only: not named in the reports,
P0399,Blue Shark Power Djibouti 1,PRIMRE,,Blue Shark,Blue Shark Power System,Blue Shark Marine,Djibouti,,tidal,yes,,,,500,PRIMRE,11.7167,42.7282,PRIMRE,,,,,,,,PRIMRE,,Blue Shark Power Djibouti 1,PRIMRE record,Inactive,Full-scale,https://www.offshore-energy.biz/blue-shark-power-system-unveils-djibouti-tidal-energy-plans/,PRIMRE only: not named in the reports,
P0400,Blue Shark Power Djibouti 2,PRIMRE,,Blue Shark,Blue Shark Power System,Blue Shark Marine,Djibouti,,tidal,yes,,,,120000,PRIMRE,11.8590,43.1182,PRIMRE,,,,,,,,PRIMRE,,Blue Shark Power Djibouti 2,PRIMRE record,Inactive,Full-scale,https://www.offshore-energy.biz/blue-shark-inks-djibouti-tidal-power-deal/,PRIMRE only: not named in the reports,
P0405,Bonnybrook,PRIMRE,,~EVG-025H | Bonnybrook,New Energy Corporation,EVG-025H,Canada,,tidal,yes,,,"Calgary, Alberta",250,PRIMRE,51.0471,-114.0659,PRIMRE,,,,,,,,PRIMRE,,Bonnybrook,PRIMRE record,Inactive,Full-scale,https://orca.cardiff.ac.uk/id/eprint/66145/1/2014HarriesTPhD.pdf,PRIMRE only: not named in the reports,
P0406,Brims Tidal Array,PRIMRE,,~Open Centre | ~Open Centre Turbine,OpenHydro Group Ltd,Open Centre Turbine,United Kingdom,,tidal,yes,,,"Pentland Firth, Orkney",60000,PRIMRE,58.7768,-3.0930,PRIMRE,,,,,,,,PRIMRE,,Brims Tidal Array,PRIMRE record,Inactive,Full-scale,https://tethys.pnnl.gov/sites/default/files/publications/Brims-Tidal-Array-Scoping-2013.pdf,PRIMRE only: not named in the reports,"its device 'Open Centre Turbine' is named in the reports (2006-2019), perhaps for another deployment"
P0407,Brough Head,PRIMRE,,Brough Head | ~Aquamarine Power Oyster,Aquamarine Power,Aquamarine Power Oyster 800,United Kingdom,,wave,yes,,,Orkney Coast,200000,PRIMRE,59.0556,-2.8046,PRIMRE,,,,,,,,PRIMRE,,Brough Head,PRIMRE record,Inactive,Full-scale,https://tethys.pnnl.gov/sites/default/files/publications/Brough-Head-Wave-Farm-Scoping-Report.pdf,PRIMRE only: not named in the reports,
P0408,Buka Passage Tidal Energy Project,PRIMRE,,~MAKO,MAKO Tidal Turbines Pty Ltd MTT,MAKO Tidal Turbine,Papua New Guinea,,tidal,yes,,,Buka Passage,15,PRIMRE,-5.4257,154.6762,PRIMRE,,,,,,,,PRIMRE,,Buka Passage Tidal Energy Project,PRIMRE record,Inactive,Full-scale,https://www.mako.energy/buka,PRIMRE only: not named in the reports,"its device 'MAKO Tidal Turbine' is named in the reports (2019-2020), perhaps for another deployment"
P0409,Burghead,PRIMRE,,~Archimedes Waveswing,AWS Ocean Energy Ltd,Archimedes Waveswing,United Kingdom,,wave,yes,,,"Moray Firth, Scotland",159000,PRIMRE,58.1148,-2.9640,PRIMRE,,,,,,,,PRIMRE,,Burghead,PRIMRE record,Inactive,Full-scale,https://awsocean.com/,PRIMRE only: not named in the reports,"its device 'Archimedes Waveswing' is named in the reports (2019-2024), perhaps for another deployment"
P0410,CIREG - Togo,PRIMRE,,~P66,Guinard Energies Nouvelles,P66,Togo,,river current,yes,,,Mono River,3.5,PRIMRE,7.9354,1.1724,PRIMRE,,,,,,,,PRIMRE,,CIREG - Togo,PRIMRE record,Inactive,Full-scale,https://www.pik-potsdam.de/en/institute/departments/climate-resilience/news/erneuerbare-energien-in-westafrika-cireg-projekt-realisiert-stromversorgung-in-landliche-regionen,PRIMRE only: not named in the reports,
P0412,Canoe Pass,annual reports,,~Canoe Pass,New Energy Corporation,EVG-250T,Canada,,tidal,yes,,,Strait of Georgia,500,PRIMRE,49.1263,-123.4730,PRIMRE,2008,2015,2008; 2009; 2010; 2011; 2012; 2013; 2014; 2015,,,name search for 'Canoe Pass' (unverified),,PRIMRE,,Canoe Pass,PRIMRE record,Inactive,Full-scale,https://www.calameo.com/read/00067241961a82e9d63a1,reviewed 2026-09-24: PRIMRE project named in the reports as 'Canoe Pass' (2008-2015); not in the Pilot years,
P0414,Capul Tidal Energy Farm,PRIMRE,,~Sabella D10,"Sabella,HWB Asia Pacific",Sabella D10,Philippines,,tidal,yes,,,San Bernardino Strait,1500,PRIMRE,12.4168,124.1961,PRIMRE,,,,,,,,PRIMRE,,Capul Tidal Energy Farm,PRIMRE record,Inactive,Full-scale,https://www.sabella.bzh/en/our-projects/capul/,PRIMRE only: not named in the reports,"its device 'Sabella D10' is named in the reports (2008-2023), perhaps for another deployment"
P0415,Cardiff Tidal Lagoon,PRIMRE,,Cardiff Tidal Lagoon,Tidal Lagoon Power,,United Kingdom,,tidal,yes,,,Severn Estuary,,,51.4100,-3.0409,PRIMRE,,,,,,,,PRIMRE,,Cardiff Tidal Lagoon,PRIMRE record,Inactive,Full-scale,https://www.capefarewell.com/tidal-lagoon-swansea-bay/,PRIMRE only: not named in the reports,
P0416,Chilla Canal,PRIMRE,,~EVG-025H | Chilla Canal,New Energy Corporation,EVG-025H,India,,river current,yes,,,Ganges River,50,PRIMRE,30.0982,78.2827,PRIMRE,,,,,,,,PRIMRE,,Chilla Canal,PRIMRE record,Inactive,Full-scale,https://www.business-standard.com/article/companies/innovation-to-tap-green-energy-from-canals-111041400074_1.html,PRIMRE only: not named in the reports,
P0418,Cobscook Bay Single TidGen Tidal Turbine Test,PRIMRE,,~TidGen-80,Ocean Renewable Power Company,TidGen-80 Power System,United States,,tidal,yes,,,"Cobscook Bay, Eastport and Lubec, Maine",120,PRIMRE,44.9089,-67.0452,PRIMRE,,,,,,,,PRIMRE,,Cobscook Bay Single TidGen Tidal Turbine Test,PRIMRE record,Inactive,Sub-scale,https://orpc.co/tidgen-power-system/,PRIMRE only: not named in the reports,
P0419,Cobscook Bay Tidal Energy Pilot Project,annual reports,,~TidGen | ~Cobscook Bay,Ocean Renewable Power Company,TidGen Power System,United States,,tidal,yes,,,"Cobscook Bay, Maine",60,PRIMRE,44.9088,-67.0443,PRIMRE,2013,2013,2013,,,name search for 'Cobscook Bay Tidal Energy' (unverified),,PRIMRE,,Cobscook Bay Tidal Energy Pilot Project,PRIMRE record,Inactive,Full-scale,https://orpc.co/storage/2022/02/2015-Environmental-Monitoring-Report.pdf,reviewed 2026-09-24: PRIMRE project named in the reports as 'Cobscook Bay Tidal Energy' (2013-2013); not in the Pilot years,
P0420,Community Services with a SMART Hybrid System at Bellavista Peru,PRIMRE,,~Smart Monofloat | Community Services,Smart HydroPower,Smart Monofloat,Peru,,river current,yes,,,"Napo River, Peru",10,PRIMRE,-2.8852,-73.4897,PRIMRE,,,,,,,,PRIMRE,,Community Services with a SMART Hybrid System at Bellavista Peru,PRIMRE record,Inactive,Full-scale,https://www.smart-hydro.de/,PRIMRE only: not named in the reports,
P0421,Costa Head Wave Farm,PRIMRE,,~AWS-III,Costa Head Wave Farm Ltd,AWS-III,United Kingdom,,wave,yes,,,"Costa Head, North of Mainland Orkney",200000,PRIMRE,59.1668,-3.1960,PRIMRE,,,,,,,,PRIMRE,,Costa Head Wave Farm,PRIMRE record,Inactive,Full-scale,https://webarchive.nrscotland.gov.uk/3000/https://www.gov.scot/Topics/marine/Licensing/marine/scoping/costa,PRIMRE only: not named in the reports,"its device 'AWS-III' is named in the reports (2012-2012), perhaps for another deployment"
P0422,Cozumel Ccell,PRIMRE,,CCell,CCell Renewables Ltd,CCell WEC,Mexico,,wave,yes,,,"Cozumel, Gulf of Mexico",10,PRIMRE,20.4527,-86.9242,PRIMRE,,,,,,,,PRIMRE,,Cozumel Ccell,PRIMRE record,Inactive,Full-scale,https://www.power-technology.com/features/ccell-energy-save-coral/,PRIMRE only: not named in the reports,
P0424,DP Energy Westray South Tidal Project,PRIMRE,,~ANDRITZ Hydro HS1500 | DP Energy Westray South,DP Energy,ANDRITZ Hydro HS1500,United Kingdom,,tidal,yes,,,"Westray Firth, Orkney Islands",200000,PRIMRE,59.1663,-2.8685,PRIMRE,,,,,,,,PRIMRE,,DP Energy Westray South Tidal Project,PRIMRE record,Inactive,Full-scale,https://www.rechargenews.com/offshore-wind/dp-acquires-westray-south-tidal/1-1-865993,PRIMRE only: not named in the reports,
P0425,Davao Energy Island Plant,PRIMRE,,Davao Energy Island,Energy Island Ltd,,Philippines,,OTEC,yes,,,"Davao Gulf, Mindanao",,,6.5712,125.9743,PRIMRE,,,,,,,,PRIMRE,,Davao Energy Island Plant,PRIMRE record,Inactive,Full-scale,http://www.energyisland.com/projects/philippines.html,PRIMRE only: not named in the reports,
P0426,Dawanshan Wave Power Station,PRIMRE,,~Dawanshan,Guangzhou Institute of Energy Conversion,Dawanshan OWC,China,,wave,yes,,,"Dawanshan Island, South China Sea",8,PRIMRE,21.9395,113.7352,PRIMRE,,,,,,,,PRIMRE,,Dawanshan Wave Power Station,PRIMRE record,Inactive,Full-scale,https://patentimages.storage.googleapis.com/11/42/de/a4ef5d47f9b856/CN1773104A.pdf,PRIMRE only: not named in the reports,
P0427,Dolphin WEC,PRIMRE,,Dolphin WEC,Harbin Engineering University,Dolphin WEC,China,,wave,yes,,,South China Sea,3,PRIMRE,15.1269,115.0045,PRIMRE,,,,,,,,PRIMRE,,Dolphin WEC,PRIMRE record,Inactive,Sub-scale,https://www.sciencedirect.com/science/article/pii/S0196890422001716#f0010,PRIMRE only: not named in the reports,
P0428,Dragonfly II Tests on the Scheldt,PRIMRE,,~Water2Energy VAWT | Dragonfly II Tests on the Scheldt,Water2Energy,Water2Energy VAWT,Belgium,,tidal,yes,,,Sea Scheldt,5,PRIMRE,51.3078,4.2705,PRIMRE,,,,,,,,PRIMRE,,Dragonfly II Tests on the Scheldt,PRIMRE record,Inactive,Sub-scale,https://water2energy.nl/tests-on-the-scheldt/,PRIMRE only: not named in the reports,
P0429,Duncan Dam,PRIMRE,,~EVG-025H | Duncan Dam,New Energy Corporation,EVG-025H,Canada,,tidal,yes,,,"Duncan Dam, British Columbia",100,PRIMRE,50.2339,-116.9559,PRIMRE,,,,,,,,PRIMRE,,Duncan Dam,PRIMRE record,Inactive,Full-scale,https://en.wikipedia.org/wiki/Duncan_Dam,PRIMRE only: not named in the reports,
P0430,EEL Energy Pilot,annual reports,,~EEL,EEL Energy,EEL Energy Tidal Generator,France,,tidal,yes,,,"Harbor of Brest, Brittany",50,PRIMRE,48.3147,-4.4478,PRIMRE,2016,2023,2016; 2017; 2018; 2020; 2021; 2022; 2023,,,name search for 'EEL Energy' (unverified),,PRIMRE,,EEL Energy Pilot,PRIMRE record,Inactive,Full-scale,https://www.eel-energy.fr/en/eel-energy-defies-the-laws-of-physics/,reviewed 2026-09-24: PRIMRE project named in the reports as 'EEL Energy' (2016-2023); not in the Pilot years,
P0431,ERHYGE Project - Madagascar,PRIMRE,,~P66,Guinard Energies Nouvelles,P66,Madagascar,,river current,yes,,,Ambatolaona inlet canal,3.5,PRIMRE,-19.0641,47.5951,PRIMRE,,,,,,,,PRIMRE,,ERHYGE Project - Madagascar,PRIMRE record,Inactive,Full-scale,https://www.guinard-energies.bzh/en/category/article-en/,PRIMRE only: not named in the reports,
P0432,EVG-005H Deployment at the Forks,PRIMRE,,EVG-005H | EVG-005H Deployment,New Energy Corporation,EVG-005H,Canada,,river current,yes,,,"Winnipeg River, Manitoba",5,PRIMRE,49.8858,-97.1308,PRIMRE,,,,,,,,PRIMRE,,EVG-005H Deployment at the Forks,PRIMRE record,Inactive,Full-scale,http://www.chttc.ca/publications/TR-004-1217.pdf,PRIMRE only: not named in the reports,
P0433,Eagle,PRIMRE,,~EVG-025H,New Energy Corporation,EVG-025H,United States,,river current,yes,,,"Yukon River, Alaska",25,PRIMRE,64.7908,-140.9934,PRIMRE,,,,,,,,PRIMRE,,Eagle,PRIMRE record,Inactive,Full-scale,https://www.researchgate.net/figure/New-Energy-25-kW-hydrokinetic-electric-turbine-on-the-Yukon-River-at-Eagle-Alaska_fig8_265156371,PRIMRE only: not named in the reports,
P0434,Eco Wave Clapper in Manzanillo,PRIMRE,,Eco Wave Clapper | ~Eco Wave Power Wave Clapper,Eco Wave Power,Eco Wave Power Wave Clapper,Mexico,,wave,yes,,,Pacific Ocean,4100,PRIMRE,19.0624,-104.3148,PRIMRE,,,,,,,,PRIMRE,,Eco Wave Clapper in Manzanillo,PRIMRE record,Inactive,Full-scale,https://www.renewableenergyworld.com/energy-business/policy-and-regulation/eco-wave-power-set-for-4-1-mw-project-in-mexico/,PRIMRE only: not named in the reports,
P0435,Eco Wave Power Wave Energy Power Station Gibraltar,PRIMRE,,~Eco Wave Power Wave Clapper,Eco Wave Power,Eco Wave Power Wave Clapper,Spain,,wave,yes,,,"Ammunition Jetty, Straight of Gibraltar",100,PRIMRE,36.0318,-5.5313,PRIMRE,,,,,,,,PRIMRE,,Eco Wave Power Wave Energy Power Station Gibraltar,PRIMRE record,Inactive,Full-scale,https://www.ecowavepower.com/gibraltar/,PRIMRE only: not named in the reports,
P0436,Eco Wave Power Wave Energy Power Station Jaffa,PRIMRE,,~Eco Wave Power Wave Clapper,Eco Wave Power,Eco Wave Power Wave Clapper,Israel,,wave,yes,,,"Jaffa Port, Mediterranean Sea",100,PRIMRE,32.0537,34.7487,PRIMRE,,,,,,,,PRIMRE,,Eco Wave Power Wave Energy Power Station Jaffa,PRIMRE record,Active,Full-scale,https://www.ecowavepower.com/israel/,PRIMRE only: not named in the reports,
P0437,Energy Dike,PRIMRE,,Energy Dike | ~RED-Stack Blue,REDStack BV,RED-Stack Blue Energy,Netherlands,,salinity gradient,yes,,,North Sea,50,PRIMRE,52.9133,5.3252,PRIMRE,,,,,,,,PRIMRE,,Energy Dike,PRIMRE record,Inactive,Full-scale,https://dutchindustry.org/redstack/,PRIMRE only: not named in the reports,
P0438,Energyfish - Sankt Goar,PRIMRE,,Energyfish,Energyminer GmbH,Energyfish,Germany,,river current,yes,,,Rhine,18,PRIMRE,50.1520,7.7100,PRIMRE,,,,,,,,PRIMRE,,Energyfish - Sankt Goar,PRIMRE record,Active,Full-scale,https://mkuem.rlp.de/service/pressemitteilungen/detail/katrin-eder-weltweit-erstes-energyfish-schwarmkraftwerk-liefert-klima-und-umweltfreundlichen-strom-aus-dem-rhein,PRIMRE only: not named in the reports,
P0440,Envirotek floating tidal turbine platform,PRIMRE,,Envirotek,Envirotek,Schottel Instream Turbine,Singapore,,tidal,yes,,,Singapore Strait,62,PRIMRE,1.2622,103.8235,PRIMRE,,,,,,,,PRIMRE,,Envirotek floating tidal turbine platform,PRIMRE record,Inactive,Full-scale,https://en.prnasia.com/releases/apac/ENVIROTEK_Deploys_Tidal_Energy_in_South_East_Asia-171786.shtml?utm_source=chatgpt.com,PRIMRE only: not named in the reports,
P0441,Etel Estuary Tidal Energy Trial,PRIMRE,,~Nova RE50 | Etel Estuary,Nova Innovation Ltd,Nova RE50,France,,tidal,yes,,,Etel Estuary,50,PRIMRE,47.6839,-3.1825,PRIMRE,,,,,,,,PRIMRE,,Etel Estuary Tidal Energy Trial,PRIMRE record,Inactive,Full-scale,https://novainnovation.com/news/simple-post-with-banner-retjs-c76br,PRIMRE only: not named in the reports,
P0443,FLB Bottom Hinged WEC at Daguan,PRIMRE,,FLB Bottom Hinged,National Ocean Technology Center,FLB Bottom Hinged WEC,China,,wave,yes,,,Daguan Island,100,PRIMRE,36.2353,120.7761,PRIMRE,,,,,,,,PRIMRE,,FLB Bottom Hinged WEC at Daguan,PRIMRE record,Inactive,Full-scale,https://www.crses.sun.ac.za/oen/PDF/2013/oes_annual_report_2013.pdf,PRIMRE only: not named in the reports,
P0444,Fair Head Phase 1,annual reports,,~Fair Head,"DP Energy,Fair Head Tidal Energy Park Limited,DEME Blue Energy",,Ireland,,tidal,yes,,,Malin,10000,PRIMRE,55.3137,-7.3332,PRIMRE,2012,2015,2012; 2013; 2014; 2015,,,name search for 'Fair Head' (unverified),,PRIMRE,,Fair Head Phase 1,PRIMRE record,Inactive,Full-scale,https://antrimcoastandglensaonb.ccght.org/wp-content/uploads/sites/10/2017/01/Fairhead-Tidal-presentation.pdf,reviewed 2026-09-24: PRIMRE project named in the reports as 'Fair Head' (2012-2015); not in the Pilot years,
P0445,Fair Head Phase 2,annual reports,,~Fair Head,Tidal Ventures Limited,,Ireland,,tidal,yes,,,,100000,PRIMRE,55.3207,-7.3283,PRIMRE,2012,2015,2012; 2013; 2014; 2015,,,name search for 'Fair Head' (unverified),,PRIMRE,,Fair Head Phase 2,PRIMRE record,Inactive,Full-scale,https://antrimcoastandglensaonb.ccght.org/wp-content/uploads/sites/10/2017/01/Fairhead-Tidal-presentation.pdf,reviewed 2026-09-24: PRIMRE project named in the reports as 'Fair Head' (2012-2015); not in the Pilot years,
P0446,False Pass,PRIMRE,,~TidGen,Ocean Renewable Power Company,TidGen Power System,United States,,tidal,yes,,,"False Pass, Alaska",,,54.8771,-163.2517,PRIMRE,,,,,,,,PRIMRE,,False Pass,PRIMRE record,Active,Full-scale,https://energy.gov/sites/prod/files/2016/01/f28/38_apia_bruce_wright.pdf,PRIMRE only: not named in the reports,
P0447,Farr Point Wave Array - Phase 1,PRIMRE,,~Pelamis P2,Pelamis Wave Power,Pelamis P2,United Kingdom,,wave,yes,,,Atlantic Ocean,10000,PRIMRE,59.0234,-4.3558,PRIMRE,,,,,,,,PRIMRE,,Farr Point Wave Array - Phase 1,PRIMRE record,Inactive,Full-scale,https://tethys.pnnl.gov/project-sites/farr-point-wave-array-phase-1,PRIMRE only: not named in the reports,"its device 'Pelamis P2' is named in the reports (2010-2013), perhaps for another deployment"
P0448,Floating Duck Type 2009,PRIMRE,,~Floating Duck | Floating Duck Type,Guangzhou Institute of Energy Conversion,Floating Duck,China,,wave,yes,,,Jieshi bay,10,PRIMRE,22.7485,115.6699,PRIMRE,,,,,,,,PRIMRE,,Floating Duck Type 2009,PRIMRE record,Inactive,Sub-scale,,PRIMRE only: not named in the reports,
P0449,Floating Duck Type 2010,PRIMRE,,~Floating Duck | Floating Duck Type,Guangzhou Institute of Energy Conversion,Floating Duck,China,,wave,yes,,,Jieshi bay,10,PRIMRE,22.7485,115.6699,PRIMRE,,,,,,,,PRIMRE,,Floating Duck Type 2010,PRIMRE record,Inactive,Sub-scale,,PRIMRE only: not named in the reports,
P0450,Floating Duck Type 2012,PRIMRE,,~Floating Duck | Floating Duck Type,Guangzhou Institute of Energy Conversion,Floating Duck,China,,wave,yes,,,Jieshi bay,10,PRIMRE,22.7485,115.6699,PRIMRE,,,,,,,,PRIMRE,,Floating Duck Type 2012,PRIMRE record,Inactive,Sub-scale,,PRIMRE only: not named in the reports,
P0451,Floating Duck Type 2013,PRIMRE,,~Floating Duck | Floating Duck Type,Guangzhou Institute of Energy Conversion,Floating Duck,China,,wave,yes,,,Jieshi bay,100,PRIMRE,22.7485,115.6699,PRIMRE,,,,,,,,PRIMRE,,Floating Duck Type 2013,PRIMRE record,Inactive,Sub-scale,,PRIMRE only: not named in the reports,
P0452,Fort Simpson,PRIMRE,,~EVG-025H | Fort Simpson,New Energy Corporation,EVG-025H,Canada,,tidal,yes,,,Mackenzie River,25,PRIMRE,61.9001,-121.2874,PRIMRE,,,,,,,,PRIMRE,,Fort Simpson,PRIMRE record,Inactive,Full-scale,https://www.ntlegislativeassembly.ca/sites/default/files/legacy/11-05-20td36-166.pdf,PRIMRE only: not named in the reports,
P0453,Free Flow Power near Baton Rouge,PRIMRE,,Free Flow,Free Flow Power Corporation,Free Flow Power SmarTurbine,United States,,river current,yes,,,"Mississippi River, Louisiana",22.9,PRIMRE,30.5143,-91.2154,PRIMRE,,,,,,,,PRIMRE,,Free Flow Power near Baton Rouge,PRIMRE record,Inactive,Full-scale,"https://s3.amazonaws.com/sitesusa/wp-content/uploads/sites/502/2016/07/11_guidroz_Free-Flow-Power-Smart-Rivers-Conference-Public-Presentation-9_2011.pdf#:~:text=Free_Flow_Power_is_positioning_itself_as,focused_on_hydropower_in_the_US_and",PRIMRE only: not named in the reports,
P0454,Fri-El Seapower - Messina Project,PRIMRE,,Fri-El Seapower,FRI EL Sea Power S r l,Fri-El Seapower,Italy,,tidal,yes,,,Strait of Messina,20,PRIMRE,38.2112,15.6043,PRIMRE,,,,,,,,PRIMRE,,Fri-El Seapower - Messina Project,PRIMRE record,Inactive,Full-scale,https://www.fri-el.it/en/home/,PRIMRE only: not named in the reports,
P0456,Fundy Tidal,annual reports,,~Fundy Tidal,New Energy Corporation,EVG-005H,Canada,,tidal,yes,,,"Bay of Fundy, Nova Scotia",5,PRIMRE,44.7764,-65.7536,PRIMRE,2008,2017,2008; 2009; 2012; 2013; 2014; 2015; 2016; 2017,,,name search for 'Fundy Tidal' (unverified),,PRIMRE,,Fundy Tidal,PRIMRE record,Inactive,Full-scale,https://energy.novascotia.ca/sites/default/files/Tidal_Energy_Brochure_Final_April_2013.pdf,reviewed 2026-09-24: PRIMRE project named in the reports as 'Fundy Tidal' (2008-2017); not in the Pilot years,
P0457,Gapura Energi Utama Wave Farm,PRIMRE,,~Wello Oy Penguin,Wello Oy,Wello Oy Penguin,Indonesia,,wave,yes,,,Bali Sea,10000,PRIMRE,-8.7477,115.5291,PRIMRE,,,,,,,,PRIMRE,,Gapura Energi Utama Wave Farm,PRIMRE record,Inactive,Full-scale,https://www.oceanenergy-europe.eu/industry-news/wello-is-supplying-a-10-mw-wave-energy-park-to-bali/,PRIMRE only: not named in the reports,"its device 'Wello Oy Penguin' is named in the reports (2011-2018), perhaps for another deployment"
P0458,Ghana Wave Park Commercial,PRIMRE,,~Seabased,Seabased AB,Seabased WEC,Ghana,,wave,yes,,,Gulf of Guinea,100000,PRIMRE,4.4050,0.8373,PRIMRE,,,,,,,,PRIMRE,,Ghana Wave Park Commercial,PRIMRE record,Inactive,Full-scale,https://seabased.com/news-insights/seabased-signs-100-mw-wave-power-plant-contract-with-ghana,PRIMRE only: not named in the reports,
P0460,Gorlov Reaction Turbine at Cape Cod Canal,PRIMRE,,Gorlov Reaction | Gorlov Reaction Turbine,Northeastern University,Gorlov Reaction Turbine,United States,,tidal,yes,,,Cape Cod Canal,2,PRIMRE,41.7422,-70.6132,PRIMRE,,,,,,,,PRIMRE,,Gorlov Reaction Turbine at Cape Cod Canal,PRIMRE record,Inactive,Sub-scale,,PRIMRE only: not named in the reports,
P0461,HACE Commissioning,PRIMRE,,~HACE,Hydro Air Concept Energie,HACE WEC,France,,wave,yes,,,"Port of La Rochelle, Biscay Bay",50,PRIMRE,45.9502,-1.5302,PRIMRE,,,,,,,,PRIMRE,,HACE Commissioning,PRIMRE record,Inactive,Full-scale,https://www.offshore-energy.biz/hace-device-rides-french-waves/,PRIMRE only: not named in the reports,
P0462,HERO WEC - Waves to Water Prize,PRIMRE,,~HERO,National Renewable Energy Laboratory,NREL HERO WEC,United States,,wave,yes,,,"Outer Banks, North Carolina",,,35.5096,-75.5039,PRIMRE,,,,,,,,PRIMRE,,HERO WEC - Waves to Water Prize,PRIMRE record,Active,Full-scale,https://openei.org/wiki/HERO-WEC,PRIMRE only: not named in the reports,
P0463,HPG Evo10 in Roza USA,PRIMRE,,Evo10,Hydrokinetic Power Generation Systems,Evo10,United States,,river current,yes,,,Roza Canal,10,PRIMRE,46.6981,-120.4865,PRIMRE,,,,,,,,PRIMRE,,HPG Evo10 in Roza USA,PRIMRE record,Inactive,Full-scale,https://www.hpgs.ca/,PRIMRE only: not named in the reports,
P0464,HPG Evo25 Jurong Island 1,PRIMRE,,Evo25,Hydrokinetic Power Generation Systems,Evo25,Singapore,,river current,yes,,,Jurong Island Cooling Channel,25,PRIMRE,1.2719,103.7174,PRIMRE,,,,,,,,PRIMRE,,HPG Evo25 Jurong Island 1,PRIMRE record,Inactive,Full-scale,https://www.hpgs.ca/,PRIMRE only: not named in the reports,
P0465,HPG Evo5 Jurong Island 2,PRIMRE,,Evo5,Hydrokinetic Power Generation Systems,Evo5,Singapore,,river current,yes,,,Jurong Island Cooling Channel,5,PRIMRE,1.2656,103.7172,PRIMRE,,,,,,,,PRIMRE,,HPG Evo5 Jurong Island 2,PRIMRE record,Inactive,Full-scale,https://www.hpgs.ca/,PRIMRE only: not named in the reports,
P0466,HYDRORIV Project – CNRS,PRIMRE,,~P66,Guinard Energies Nouvelles,P66,French Guiana,,river current,yes,,,Arataye River,3.5,PRIMRE,4.1357,-52.6606,PRIMRE,,,,,,,,PRIMRE,,HYDRORIV Project – CNRS,PRIMRE record,,Full-scale,https://www.guinard-energies.bzh/en/guinard-energies-09-12-2019/,PRIMRE only: not named in the reports,
P0467,Hailong 1 - Dawanshan Island,PRIMRE,,Hailong,China Shipbuilding Industry Corporation,Hailong 1,China,,wave,yes,,,South China Sea,150,PRIMRE,21.9471,113.7218,PRIMRE,,,,,,,,PRIMRE,,Hailong 1 - Dawanshan Island,PRIMRE record,Inactive,Full-scale,https://watermark02.silverchair.com/sname-issc-2022-committee-v-4.pdf?token=AQECAHi208BE49Ooan9kkhW_Ercy7Dm3ZL_9Cf3qfKAc485ysgAAA3owggN2BgkqhkiG9w0BBwagggNnMIIDYwIBADCCA1wGCSqGSIb3DQEHATAeBglghkgBZQMEAS4wEQQMZuS8NBO_NgrKDgksAgEQgIIDLdMF6x1wuGPdX46GO7wHjWADXW3AYNXPFpkMOv9-93IDmGEdqJwgQMZ4Scn5o3WSJSAVqyfnWfTK7hOez0H8riM8esOKb2P5kJGGc6rjY0B0Wgvxgs9rRARRW8ABZRV4Z-8Za7Z1SYuAvyTh-OXvk2Ip65DcxBh0uOS8TzK0Rp2OjwDDUmGW5Joj-oJVGvzEuuLBGFgKffIuHcCCGEv3BLWKvb9bhDJ-xNbQs0myjf972C__WMTkkTy59S_CXHy12yu0lnS0j8rajkPUnR4BykC6wJCaoOIEqG7H17XLbKS5PjixyOUA2IXFDV9e_vlae1G-CxJ5gOilBwM4G_KrzXdLy2XX7hiTWTF3DhAZgU3TSrdgAY9nIZmET_DxMg7Lz2kBc69SubyrA_-MXqUxRocw_Jx8FqoVws7oqG7dhWux4OxT049IepxRv1uO45WM_GOkgwUJD1f2bgrC7_M8b5e3TLotX7mPrcaQcF1H-B-0aYcXe63OyRf5Pisc8dMrAKe-ty3OgsRBaU5e0NYxlOIZDyWVApBb3uSb7oFPo6znvif0Z1bWbcsv8twiHePT5GfpXyg1YpH9jFSOteko6m4a7F5QaRWiMpMkN5Tt_W3SnpifMASTkGz62Ft4ZoCxKo2W1DUulv0nwsDOgeVblX9QExocupRvYA1vuPkMbp1BkqkKb0hr29dOdKYPzv6s0kzyHM4BtpHkxHmf6u4bAqcmPSDzefoWtX5yqBop64WK8KVOQcowrDAJoFExUr5HIhVeSqIDFB4jS1yEPmA-2ObPxgqwh66f-9skA77gxnapKD9hriUSU4jANX9chS58GwtV1Id_ydizZzllX2Y_GkhVbmioIRiPhIkfBLwi6gzLtp18l0mF3yplpAlwGtAITMdrPR3qxb-dH7uiwKDXRCRuGFtWCC_lcQgT2EKjDp2Oz76t4Oc_HYT7SBt3Rsmk_P7g7hgYW12Yz7GCMIKbMMqWclVrzuPEcDMX3kVkDmw5vU7CPebbq04Lz_Mfmly3apzfqbzMTBYtgY4vIJThVWMvSLMXYVce57ZPjD2_bCjeXRhXsi0vpIhXJNhyIQ,PRIMRE only: not named in the reports,
P0468,Hailong 2 at Dawanshan Island,PRIMRE,,Hailong,China Shipbuilding Industry Corporation,Hailong 2,China,,wave,yes,,,South China Sea,,,21.9355,113.7332,PRIMRE,,,,,,,,PRIMRE,,Hailong 2 at Dawanshan Island,PRIMRE record,Inactive,,,PRIMRE only: not named in the reports,
P0469,Haiming I Xiaomentou Channel,PRIMRE,,Haiming,Harbin Engineering University,Haiming I,China,,tidal,yes,,,East China Sea,10,PRIMRE,29.9617,122.2088,PRIMRE,,,,,,,,PRIMRE,,Haiming I Xiaomentou Channel,PRIMRE record,Inactive,Full-scale,https://tethys-engineering.pnnl.gov/sites/default/files/publications/Chen-et-al-2022.pdf,PRIMRE only: not named in the reports,
P0470,Haineng I - Guishan Channel,PRIMRE,,Haineng | Haineng I,Harbin Engineering University,Haineng I 300 kW tidal turbine,China,,tidal,yes,,,Guishan Channel,300,PRIMRE,30.2090,122.2143,PRIMRE,,,,,,,,PRIMRE,,Haineng I - Guishan Channel,PRIMRE record,Inactive,Full-scale,https://tethys.pnnl.gov/sites/default/files/publications/Liu-et-al-2018.pdf,PRIMRE only: not named in the reports,
P0471,Haineng II - Zhaitang Island Isolated Hybrid Power Demonstration Station,PRIMRE,,Haineng | Haineng II,Harbin Engineering University,Haineng II 200 kW tidal turbine,China,,tidal,yes,,,"Yellow Sea, China",200,PRIMRE,35.6332,119.9391,PRIMRE,,,,,,,,PRIMRE,,Haineng II - Zhaitang Island Isolated Hybrid Power Demonstration Station,PRIMRE record,Inactive,Full-scale,"https://report2014.ocean-energy-systems.org/country-reports/china/technology-demonstration/#:~:text=marine_ecological_environment.-,Zhaitang_Island_Hybrid_Power_Station,-has_been_in",PRIMRE only: not named in the reports,
P0472,Haineng III trial,PRIMRE,,Haineng,Harbin Engineering University,Haineng III 600 kW tidal turbine,China,,tidal,yes,,,Guishan Channel,600,PRIMRE,30.3133,122.2143,PRIMRE,,,,,,,,PRIMRE,,Haineng III trial,PRIMRE record,Inactive,Full-scale,https://www.researchgate.net/publication/331472391_Representative_technology_development_of_marine_renewable_energy_in_China,PRIMRE only: not named in the reports,
P0473,Haiyuan I Sea Trial,PRIMRE,,Haiyuan,Zhejiang University,Haiyuan I,China,,wave,yes,,,"Dongsha, Zhousan, China",10,PRIMRE,20.6942,116.9106,PRIMRE,,,,,,,,PRIMRE,,Haiyuan I Sea Trial,PRIMRE record,Inactive,Full-scale,https://www.sciencedirect.com/science/article/pii/S0029801821005151,PRIMRE only: not named in the reports,"its device 'Haiyuan I' is named in the reports (2015-2015), perhaps for another deployment"
P0474,Half Moon Cove Tidal Project,PRIMRE,,Half Moon Cove,Tidewalker Associates,,United States,,tidal,yes,,,"Half Moon Cove, Maine",10000,PRIMRE,44.9464,-67.0494,PRIMRE,,,,,,,,PRIMRE,,Half Moon Cove Tidal Project,PRIMRE record,Inactive,Full-scale,https://www.mtp.rigelvii.com/general.html,PRIMRE only: not named in the reports,
P0475,Haramachi Axial-Flow OWC WEC Demonstration,PRIMRE,,Haramachi Axial-Flow,Tohoku Electric Power Co Inc,Haramachi Axial-Flow OWC WEC,Japan,,wave,yes,,,North Pacific Ocean,130,PRIMRE,37.7214,140.9851,PRIMRE,,,,,,,,PRIMRE,,Haramachi Axial-Flow OWC WEC Demonstration,PRIMRE record,Inactive,Full-scale,https://web.archive.org/web/20180728070910id_/https://www.jstage.jst.go.jp/article/kikaib1979/70/691/70_691_685/_pdf,PRIMRE only: not named in the reports,
P0476,Hpa An,PRIMRE,,Hpa,New Energy Corporation,EVG-005H,Myanmar,,river current,yes,,,Thanlyin River,10,PRIMRE,16.9000,97.6104,PRIMRE,,,,,,,,PRIMRE,,Hpa An,PRIMRE record,Inactive,Full-scale,https://www.youtube.com/watch?v=Z2q76KASCv8,PRIMRE only: not named in the reports,
P0477,Humber Pulse Tidal,PRIMRE,,~Pulse-Stream,Pulse Tidal formerly Pulse Generation,Pulse-Stream,United Kingdom,,tidal,yes,,,Humber,100,PRIMRE,53.6412,-0.2860,PRIMRE,,,,,,,,PRIMRE,,Humber Pulse Tidal,PRIMRE record,Inactive,Sub-scale,https://www.thebusinessdesk.com/yorkshire/news/8141-pulse-tidal-looks-to-cash-in-on-wave-power,PRIMRE only: not named in the reports,"its device 'Pulse-Stream' is named in the reports (2011-2012), perhaps for another deployment"
P0478,Hydrokinetic Energy Corp Turbine,PRIMRE,,Hydrokinetic Energy Corp,Hydrokinetic Energy Corp,Hydrokinetic Energy Current Turbine,United States,,tidal,yes,,,"Florida Keys, Florida",4000,PRIMRE,24.7902,-81.0658,PRIMRE,,,,,,,,PRIMRE,,Hydrokinetic Energy Corp Turbine,PRIMRE record,Active,Sub-scale,https://hydrokinetic-energy.com/project,PRIMRE only: not named in the reports,
P0480,ISWEC Wave Power Plant at Pantelleria,PRIMRE,,ISWEC,"Wave for Energy s.r.l,Eni",ISWEC Inertial Sea Wave Energy Converter,Italy,,wave,yes,,,Coast of Pantelleria,260,PRIMRE,36.8059,12.0077,PRIMRE,,,,,,,,PRIMRE,,ISWEC Wave Power Plant at Pantelleria,PRIMRE record,Active,Full-scale,https://www.eni.com/en-IT/media/press-release/2023/03/installation-iswec-off-coast-pantelleria-has-been-completed.html,PRIMRE only: not named in the reports,
P0484,Islay Community Demonstration,PRIMRE,,~FM-Swimmer | Islay Community,Flex Marine Power Ltd,FM-Swimmer Tidal Turbine,United Kingdom,,tidal,yes,,,"Sound of Islay, Scotland",50,PRIMRE,55.8476,-6.1019,PRIMRE,,,,,,,,PRIMRE,,Islay Community Demonstration,PRIMRE record,Active,Full-scale,https://www.flexmarinepower.com/,PRIMRE only: not named in the reports,
P0485,JiDA II Sea Trial - Taiwan Strait,PRIMRE,,~Jimei University,Jimei University,Jimei University - JiDa FABWEC,China,,wave,yes,,,"Taiwan Strait, South China Sea",10,PRIMRE,24.4934,119.0227,PRIMRE,,,,,,,,PRIMRE,,JiDA II Sea Trial - Taiwan Strait,PRIMRE record,Inactive,Full-scale,https://tethys-engineering.pnnl.gov/publications/structural-optimization-oscillating-array-buoys-energy-capturing-enhancement-novel,PRIMRE only: not named in the reports,
P0486,JiDA III Sea Trial - Taiwan Strait,PRIMRE,,~Jimei University,Jimei University,Jimei University - JiDa FABWEC,China,,wave,yes,,,"Taiwan Strait, South China Sea",30,PRIMRE,24.4934,119.0227,PRIMRE,,,,,,,,PRIMRE,,JiDA III Sea Trial - Taiwan Strait,PRIMRE record,Active,Full-scale,https://tethys-engineering.pnnl.gov/publications/structural-optimization-oscillating-array-buoys-energy-capturing-enhancement-novel,PRIMRE only: not named in the reports,
P0487,JiDA IV Sea Trial - Taiwan Strait,PRIMRE,,~Jimei University,Jimei University,Jimei University - JiDa FABWEC,China,,wave,yes,,,"Taiwan Strait, South China Sea",100,PRIMRE,24.4934,119.0227,PRIMRE,,,,,,,,PRIMRE,,JiDA IV Sea Trial - Taiwan Strait,PRIMRE record,Active,Full-scale,https://jyt.fujian.gov.cn/jglb/gdjycsxwb/gjdt/202409/t20240924_6527815.htm,PRIMRE only: not named in the reports,
P0488,JiDa I Sea Trial - Taiwan Strait,PRIMRE,,~Jimei University,Jimei University,Jimei University - JiDa FABWEC,China,,wave,yes,,,"Taiwan Strait, South China Sea",10,PRIMRE,24.4934,119.0227,PRIMRE,,,,,,,,PRIMRE,,JiDa I Sea Trial - Taiwan Strait,PRIMRE record,Inactive,Full-scale,https://report2015.ocean-energy-systems.org/country-reports/china/research-and-development/#:~:text=Jimei_University_(JMU):,PRIMRE only: not named in the reports,
P0490,Kaimei Japan Sea 1,PRIMRE,,Kaimei | Kaimei Japan,Japan Agency for Marine-Earth Science and Technology,Kaimei,Japan,,wave,yes,,,Japan Sea,150,PRIMRE,39.0483,139.1497,PRIMRE,,,,,,,,PRIMRE,,Kaimei Japan Sea 1,PRIMRE record,Inactive,,https://onepetro.org/OTCONF/proceedings-abstract/80OTC/80OTC/OTC-3689-MS/48506,PRIMRE only: not named in the reports,
P0491,Kaimei Japan Sea 2,PRIMRE,,Kaimei | Kaimei Japan,Japan Agency for Marine-Earth Science and Technology,Kaimei,Japan,,wave,yes,,,Japan Sea,400,PRIMRE,39.0406,139.5068,PRIMRE,,,,,,,,PRIMRE,,Kaimei Japan Sea 2,PRIMRE record,Inactive,Full-scale,https://onepetro.org/OTCONF/proceedings-abstract/80OTC/80OTC/OTC-3689-MS/48506,PRIMRE only: not named in the reports,
P0492,Kaimei Japan Sea 3,PRIMRE,,Kaimei | Kaimei Japan,Japan Agency for Marine-Earth Science and Technology,Kaimei,Japan,,wave,yes,,,Japan Sea,435,PRIMRE,39.1069,139.0288,PRIMRE,,,,,,,,PRIMRE,,Kaimei Japan Sea 3,PRIMRE record,Inactive,Full-scale,https://doi.org/10.1016/j.rser.2011.07.123,PRIMRE only: not named in the reports,
P0493,Kaipara Harbour Tidal Project,PRIMRE,,~Open Centre | ~Kaipara Harbour | ~Open Centre Turbine,CrestEnergy,Open Centre Turbine,New Zealand,,tidal,yes,,,Kaipara Harbour,200000,PRIMRE,-36.3869,174.2407,PRIMRE,,,,,,,,PRIMRE,,Kaipara Harbour Tidal Project,PRIMRE record,Inactive,Full-scale,https://www.option4.co.nz/Your_Rights/kaipara-turbines.htm,PRIMRE only: not named in the reports,"its device 'Open Centre Turbine' is named in the reports (2006-2019), perhaps for another deployment"
P0494,Kaiyo at Scapa,PRIMRE,,Kaiyo,Japan Agency for Marine-Earth Science and Technology,Kaiyo,Japan,,wave,yes,,,Philippine Sea,0.2,PRIMRE,24.3018,124.0572,PRIMRE,,,,,,,,PRIMRE,,Kaiyo at Scapa,PRIMRE record,Inactive,Full-scale,,PRIMRE only: not named in the reports,
P0495,Kaneohe Bay OPT Wave Project,PRIMRE,,~PB40 PowerBuoy | Kaneohe Bay OPT,Ocean Power Technologies,PB40 PowerBuoy,United States,,wave,yes,,,"Kaneohe Bay, Hawaii",40,PRIMRE,21.4706,-157.7517,PRIMRE,,,,,,,,PRIMRE,,Kaneohe Bay OPT Wave Project,PRIMRE record,Inactive,Full-scale,https://www.hydroreview.com/world-regions/north-america/opt-deploys-new-wave-power-unit-in-hawaii/,PRIMRE only: not named in the reports,
P0497,Kobe Demonstration,PRIMRE,,Kobe,Wave Energy Technologies Inc - Japan,Green Power Island (GPI),Japan,,wave,yes,,,"Osaka Bay, Kobe",10,PRIMRE,34.6410,135.1978,PRIMRE,,,,,,,,PRIMRE,,Kobe Demonstration,PRIMRE record,Inactive,Sub-scale,https://marineenergy.biz/2017/06/05/japanese-firm-demonstrates-floating-wave-prototype/,PRIMRE only: not named in the reports,
P0499,Kootznahoo Inlet,PRIMRE,,Kootznahoo Inlet,"Littoral Power Systems Inc,Barrett Energy Resources Group",,United States,,tidal,yes,,,"Kootznahoo Inlet, AK",300,PRIMRE,57.4997,-134.2588,PRIMRE,,,,,,,,PRIMRE,,Kootznahoo Inlet,PRIMRE record,Active,Full-scale,https://littoralpower.com/installations/,PRIMRE only: not named in the reports,
P0500,Kujukuri OWC Demonstration,PRIMRE,,Kujukuri,Takenaka Corporation,Kujukuri OWC,Japan,,wave,yes,,,"Pacific Ocean off Kujukuri-Cho, Japan",30,PRIMRE,35.4995,140.6447,PRIMRE,,,,,,,,PRIMRE,,Kujukuri OWC Demonstration,PRIMRE record,Inactive,Full-scale,https://energy.hawaii.gov/wp-content/uploads/2011/10/Wave-Energy-Resource-and-Economic-Assessment-for-the-State-of-Hawaii.pdf,PRIMRE only: not named in the reports,
P0501,Kvaerner WEC Toftestallen,PRIMRE,,Kvaerner,,Kvaerner WEC,Norway,,wave,yes,,,"North Sea, Norway",500,PRIMRE,60.5320,4.8411,PRIMRE,,,,,,,,PRIMRE,,Kvaerner WEC Toftestallen,PRIMRE record,Inactive,Full-scale,https://publikasjoner.nve.no/diverse/1987/Our.activities.during.1987.pdf,PRIMRE only: not named in the reports,
P0502,Kvalsund Tidal Turbine Prototype - Phase 1,PRIMRE,,~HS300 | ~Kvalsund,ANDRITZ Hydro,HS300,Norway,,tidal,yes,,,Barents Sea,300,PRIMRE,70.9602,24.9331,PRIMRE,,,,,,,,PRIMRE,,Kvalsund Tidal Turbine Prototype - Phase 1,PRIMRE record,Inactive,Sub-scale,https://www.andritz.com/resource/blob/61614/cf15d27bc23fd59db125229506ec87c7/hy-hammerfest--1--data.pdf,PRIMRE only: not named in the reports,"its device 'HS300' is named in the reports (2011-2013), perhaps for another deployment"
P0503,Kvalsund Tidal Turbine Prototype - Phase 2,PRIMRE,,~HS300 | ~Kvalsund,ANDRITZ Hydro,HS300,Norway,,tidal,yes,,,Barents Sea,300,PRIMRE,70.9602,24.9331,PRIMRE,,,,,,,,PRIMRE,,Kvalsund Tidal Turbine Prototype - Phase 2,PRIMRE record,Inactive,Sub-scale,https://www.andritz.com/resource/blob/61614/cf15d27bc23fd59db125229506ec87c7/hy-hammerfest--1--data.pdf,PRIMRE only: not named in the reports,"its device 'HS300' is named in the reports (2011-2013), perhaps for another deployment"
P0507,LIMPET Pilot,annual reports,,LIMPET,Queens University of Belfast,Land Installed Marine Powered Energy Transformer LIMPET,United Kingdom,,wave,yes,,,North Atlantic ocean,75,PRIMRE,55.4526,-6.0621,PRIMRE,2002,2010,2002; 2003; 2004; 2008; 2010,,,name search for 'LIMPET' (unverified),,PRIMRE,,LIMPET Pilot,PRIMRE record,Inactive,Sub-scale,https://tethys.pnnl.gov/sites/default/files/publications/Islay_LIMPET_Report.pdf,reviewed 2026-09-24: PRIMRE project named in the reports as 'LIMPET' (2002-2010); not in the Pilot years,
P0508,Larantuka 10MW project,PRIMRE,,Larantuka,SBS Intl Ltd,,Indonesia,,tidal,yes,,,Larantuka Strait,10000,PRIMRE,-8.3410,122.9957,PRIMRE,,,,,,,,PRIMRE,,Larantuka 10MW project,PRIMRE record,Active,Full-scale,https://www.offshore-energy.biz/british-tidal-energy-specialist-to-provide-technical-advice-for-projects-in-indonesia/,PRIMRE only: not named in the reports,
P0510,Living Bridge,annual reports,,Living Bridge,New Energy Corporation,EVG-025H,United States,,tidal,yes,,,"Piscataqua River, New Hampshire",25,PRIMRE,43.0798,-70.7519,PRIMRE,2015,2018,2015; 2018,,,name search for 'Living Bridge' (unverified),,PRIMRE,,Living Bridge,PRIMRE record,Inactive,Full-scale,https://ceps.unh.edu/ocean-engineering/research/renewable-energy/living-bridge-project-tidal-energy,reviewed 2026-09-24: PRIMRE project named in the reports as 'Living Bridge' (2015-2018); not in the Pilot years,
P0511,Loch Linnhe Tidal Current Turbine Demonstration,PRIMRE,,Loch Linnhe,SIMEC Atlantis Energy,IT Power ltd Tidal Current Turbine,United Kingdom,,tidal,yes,,,Loch Linnhe,15,PRIMRE,56.7235,-5.2392,PRIMRE,,,,,,,,PRIMRE,,Loch Linnhe Tidal Current Turbine Demonstration,PRIMRE record,Inactive,Full-scale,https://www.researchgate.net/publication/267809602_Practical_tidal_turbine_design_considerations_a_review_of_technical_alternatives_and_key_design_decisions_leading_to_the_development_of_the_SeaGen_12MW_tidal_turbine,PRIMRE only: not named in the reports,
P0512,Lucid Energy At Bonneyville,PRIMRE,,~Gorlov Reaction | ~Gorlov Reaction Turbine,Lucid Energy Technologies GCK,Gorlov Reaction Turbine,United States,,river current,yes,,,Little Eckhart River,,,41.7194,-85.7648,PRIMRE,,,,,,,,PRIMRE,,Lucid Energy At Bonneyville,PRIMRE record,Inactive,Full-scale,https://www.wnit.org/outdoorelements/pdf/lucidbonneyvillebrochure.pdf,PRIMRE only: not named in the reports,
P0514,MBARI-WEC Demonstration,PRIMRE,,MBARI-WEC,Monterey Bay Aquarium Research Institute,MBARI-WEC,United States,,wave,yes,,,Monterey Bay,1,PRIMRE,36.8117,-121.8388,PRIMRE,,,,,,,,PRIMRE,,MBARI-WEC Demonstration,PRIMRE record,Active,Full-scale,https://osrf.github.io/mbari_wec/main/,PRIMRE only: not named in the reports,
P0516,Magnetostrictive Wave Energy Harvester First Deployment in Lake Washington,PRIMRE,,~MWEH | Magnetostrictive Wave Energy Harvester,Oscilla Power,Magnetostrictive Wave Energy Harvester (MWEH),United States,,wave,yes,pmec_lake_washington,,"Lake Washington, Washington",,,47.63,-122.26,test site,,,,,,,,PRIMRE,,Magnetostrictive Wave Energy Harvester First Deployment in Lake Washington,PRIMRE record,Inactive,Sub-scale,"https://www.oscillapower.com/background#:~:text=Oscilla_Power_enters_the_US,SEPTEMBER_2010",PRIMRE only: not named in the reports,
P0517,Magnetostrictive Wave Energy Harvester at Isle of Shoals,PRIMRE,,~MWEH | Magnetostrictive Wave Energy Harvester,Oscilla Power,Magnetostrictive Wave Energy Harvester (MWEH),United States,,wave,yes,,,Atlantic Ocean,,,42.9852,-70.6155,PRIMRE,,,,,,,,PRIMRE,,Magnetostrictive Wave Energy Harvester at Isle of Shoals,PRIMRE record,Inactive,Sub-scale,"https://www.oscillapower.com/background#:~:text=Oscilla_Power_enters_the_US,SEPTEMBER_2010",PRIMRE only: not named in the reports,test site link to amec removed: matched on a shared place word only
P0521,Mighty Whale Gokasho Bay,PRIMRE,,Mighty Whale,Japan Agency for Marine-Earth Science and Technology,Mighty Whale,Japan,,wave,yes,,,Gokasho Bay,110,PRIMRE,33.7806,136.6860,PRIMRE,,,,,,,,PRIMRE,,Mighty Whale Gokasho Bay,PRIMRE record,Inactive,Full-scale,http://dx.doi.org/10.1109/OCEANS.2001.968786,PRIMRE only: not named in the reports,"its device 'Mighty Whale' is named in the reports (2002-2008), perhaps for another deployment"
P0522,Milla Fjord Wave Dragon Project,PRIMRE,,Wave Dragon,Wave Dragon ApS,Wave Dragon,United Kingdom,,wave,yes,,,"Atlantic Ocean, 20 km from Pembrokeshire, United Kingdom",112000,PRIMRE,51.6731,-5.2491,PRIMRE,,,,,,,,PRIMRE,,Milla Fjord Wave Dragon Project,PRIMRE record,Inactive,Full-scale,http://wavedragon.net/projekter-ii/,PRIMRE only: not named in the reports,"its device 'Wave Dragon' is named in the reports (2002-2025), perhaps for another deployment"
P0524,Minesto Strangford Lough - Deep Green,PRIMRE,,Minesto Strangford Lough,Minesto AB,Deep Green Tidal Kite,United Kingdom,,tidal,yes,,,"Strangford Lough, Irish Sea",30,PRIMRE,54.4612,-5.6055,PRIMRE,,,,,,,,PRIMRE,,Minesto Strangford Lough - Deep Green,PRIMRE record,Inactive,Full-scale,https://www1.minesto.se/our-technology/strangford-lough,PRIMRE only: not named in the reports,"reviewed 2026-09-24: not linked to qml_strangford (PRIMRE lists no Minesto device there); its device 'Deep Green Tidal Kite' is named in the reports (2014-2020), perhaps for another deployment"
P0525,Minesto Strangford Lough - Dragon Class,PRIMRE,,Minesto Strangford Lough,Minesto AB,Minesto Dragon 4,United Kingdom,,tidal,yes,,,"Strangford Lough, Irish Sea",,,54.4612,-5.6055,PRIMRE,,,,,,,,PRIMRE,,Minesto Strangford Lough - Dragon Class,PRIMRE record,Inactive,Full-scale,https://www.offshore-energy.biz/minesto-hires-tidal-test-support-crew/,PRIMRE only: not named in the reports,reviewed 2026-09-24: not linked to qml_strangford (PRIMRE lists no Minesto device there)
P0526,Minesto Taiwan Tidal Energy,PRIMRE,,Minesto Taiwan,Minesto AB,,Taiwan,,tidal,yes,,,Kuroshio Current,500,PRIMRE,25.3731,121.8620,PRIMRE,,,,,,,,PRIMRE,,Minesto Taiwan Tidal Energy,PRIMRE record,Active,Full-scale,https://minesto.com/projects/taiwan,PRIMRE only: not named in the reports,
P0527,Mini-OTEC Keahole Point,PRIMRE,,Mini-OTEC,Lockheed Martin Energy,Mini-OTEC,United States,,OTEC,yes,otec_keahole,,"Pacific Ocean, Hawaii",50,PRIMRE,19.73,-156.06,test site,,,,,,,,PRIMRE,,Mini-OTEC Keahole Point,PRIMRE record,Inactive,Full-scale,https://tethys-engineering.pnnl.gov/publications/mini-otec-operational-results,PRIMRE only: not named in the reports,
P0528,Modular RivGen Test in Millinocket Maine,PRIMRE,,Modular RivGen,Ocean Renewable Power Company,Modular RivGen Power System,United States,,river current,yes,,,"Millinocket Stream, Maine",14,PRIMRE,45.6569,-68.7046,PRIMRE,,,,,,,,PRIMRE,,Modular RivGen Test in Millinocket Maine,PRIMRE record,Inactive,Sub-scale,https://www.energy.gov/eere/water/articles/power-system-generates-clean-energy-river-currents-demonstrated-maine,PRIMRE only: not named in the reports,
P0529,Montenegro Demonstration of Sigma Energy WEC,PRIMRE,,Sigma Energy WEC | Montenegro Demonstration of Sigma,Sigma Energy,Sigma Energy WEC,Montenegro,,wave,yes,,,"Adriatic Sea, Bar",30,PRIMRE,42.0826,19.0794,PRIMRE,,,,,,,,PRIMRE,,Montenegro Demonstration of Sigma Energy WEC,PRIMRE record,Inactive,Full-scale,https://www.sigma-energy.si/,PRIMRE only: not named in the reports,
P0531,Morild II Tidal Power Plant Demonstration - Gimsoy Stream,PRIMRE,,Morild,STRAUM,Morild II Tidal Power Plant,Norway,,tidal,yes,,,Norwegian Sea,1500,PRIMRE,68.2367,13.9385,PRIMRE,,,,,,,,PRIMRE,,Morild II Tidal Power Plant Demonstration - Gimsoy Stream,PRIMRE record,Inactive,Full-scale,https://hydratidal.wordpress.com/2011/01/03/floating-tidal-plant-gets-attention/,PRIMRE only: not named in the reports,
P0532,Morlais,annual reports,,~KHPS | ~ATIR,Menter Mon,Kinetic Hydropower System (KHPS) Gen5 | ATIR | Tocardo International T3 Turbine,United Kingdom,,tidal,yes,morlais,,"Irish Sea, Wales",38000,PRIMRE,53.3,-4.72,test site,2018,2025,2018; 2019; 2020; 2021; 2022; 2023; 2024; 2025,,,name search for 'Morlais' (unverified),,PRIMRE,,Morlais,PRIMRE record,Active,Full-scale,https://www.morlaisenergy.com/,reviewed 2026-09-24: PRIMRE project named in the reports as 'Morlais' (2018-2025); not in the Pilot years,PRIMRE project record for a test site / demonstration zone
P0533,Muskeget Channel,annual reports,,Muskeget Channel,Marine Renewable Energy Collaborative,,United States,,tidal,yes,,,"Muskeget Bay, Edgartown, MA",5000,PRIMRE,41.3512,-70.3953,PRIMRE,2012,2012,2012,,,name search for 'Muskeget Channel' (unverified),,PRIMRE,,Muskeget Channel,PRIMRE record,Inactive,Full-scale,https://www.mreconewengland.org/newsletters-press/,reviewed 2026-09-24: PRIMRE project named in the reports as 'Muskeget Channel' (2012-2012); not in the Pilot years,
P0534,NIOT Sagar-Sakthi,PRIMRE,,Sagar-Sakthi,Indian National Institute of Ocean Technology,Sagar-Sakthi Floating OTEC,India,,OTEC,yes,,,Laccadive Sea,1000,PRIMRE,8.3161,78.7730,PRIMRE,,,,,,,,PRIMRE,,NIOT Sagar-Sakthi,PRIMRE record,Inactive,Full-scale,https://www.academia.edu/104525520/The_Indian_1_MW_Demonstration_OTEC_Plant_and_the_Pre_Commissioning_Tests,PRIMRE only: not named in the reports,
P0536,NOTC Upper Hinged OWSC at Daguan,PRIMRE,,NOTC Upper Hinged OWSC,National Ocean Technology Center,NOTC Upper Hinged OWSC,China,,wave,yes,,,Yellow Sea,100,PRIMRE,36.2372,120.7739,PRIMRE,,,,,,,,PRIMRE,,NOTC Upper Hinged OWSC at Daguan,PRIMRE record,Active,Full-scale,https://www.sciencedirect.com/science/article/pii/S1364032110003278,PRIMRE only: not named in the reports,
P0539,Naru Strait Pilot,PRIMRE,,~SAE AR500 | Naru Strait Pilot,Kyuden Mirai Energy Company Inc.,SAE AR500,Japan,,tidal,yes,amec_naru,,"Naru Strait, Japan",500,PRIMRE,32.83,128.97,test site,,,,,,,,PRIMRE,,Naru Strait Pilot,PRIMRE record,Inactive,Full-scale,https://saerenewables.com/sae-achieves-another-tidal-milestone-with-installation-and-successful-generation-of-tidal-turbine-in-japan/,PRIMRE only: not named in the reports,
P0540,Nauru 100 kW OTEC,PRIMRE,,~TEPCO,Tokyo Electric Power Co,TEPCO 100 kW pilot plant,Nauru,,OTEC,yes,,,Pacific Ocean,120,PRIMRE,-0.5317,166.9282,PRIMRE,,,,,,,,PRIMRE,,Nauru 100 kW OTEC,PRIMRE record,Inactive,Full-scale,https://ieeexplore.ieee.org/stamp/stamp.jsp?tp=&arnumber=4112327,PRIMRE only: not named in the reports,
P0541,Nautilus 150MW Project,PRIMRE,,~SAE AR1500 | Nautilus 150MW Project,SBS Intl Ltd,SAE AR1500,Indonesia,,tidal,yes,,,Badung Strait,12000,PRIMRE,-8.7097,115.7914,PRIMRE,,,,,,,,PRIMRE,,Nautilus 150MW Project,PRIMRE record,Active,Full-scale,https://sbstidalenergy.com/nautilus-150mw-project/,PRIMRE only: not named in the reports,
P0542,Nearshore Finfish Aquaculture and Wave Energy - Scotland,PRIMRE,,Nearshore Finfish Aquaculture,Aqua Power Technologies,Manta,United Kingdom,,wave,yes,,,Clift Sound,4.6,PRIMRE,60.0609,-1.3050,PRIMRE,,,,,,,,PRIMRE,,Nearshore Finfish Aquaculture and Wave Energy - Scotland,PRIMRE record,Inactive,Full-scale,https://tethys.pnnl.gov/sites/default/files/publications/oes-aquaculture-and-ocean-energy.pdf,PRIMRE only: not named in the reports,"its device 'Manta' is named in the reports (2019-2024), perhaps for another deployment"
P0544,Nezha I Deployment,annual reports,,Nezha | Nezha I,"Guangzhou Institute of Energy Conversion,China Shipbuilding Industry Corporation",Nezha I,China,,wave,yes,,,"Dawanshan Waters, Southern China",10,PRIMRE,22.0551,114.0075,PRIMRE,2013,2013,2013,,,name search for 'Nezha I' (unverified),,PRIMRE,,Nezha I Deployment,PRIMRE record,Inactive,Full-scale,https://aoc.ouc.edu.cn/2018/0903/c9821a209573/pagem.psp,reviewed 2026-09-24: PRIMRE project named in the reports as 'Nezha I' (2013-2013); not in the Pilot years,
P0545,Nezha II Deployment,annual reports,,Nezha | Nezha II,Guangzhou Institute of Energy Conversion,Nezha II,China,,wave,yes,,,"Dawanshan Waters, Southern China",20,PRIMRE,22.0170,114.0102,PRIMRE,2013,2013,2013,,,name search for 'Nezha II' (unverified),,PRIMRE,,Nezha II Deployment,PRIMRE record,Inactive,Full-scale,https://www.crses.sun.ac.za/oen/PDF/2013/oes_annual_report_2013.pdf,reviewed 2026-09-24: PRIMRE project named in the reports as 'Nezha II' (2013-2013); not in the Pilot years,
P0547,North West Lewis,annual reports,,~North West Lewis,Aquamarine Power,Aquamarine Power Oyster 800,United Kingdom,,wave,yes,,,"North-west coast of the Western Isles, Scotland",40000,PRIMRE,58.5292,-6.5427,PRIMRE,2012,2012,2012,,,name search for 'North West Lewis' (unverified),,PRIMRE,,North West Lewis,PRIMRE record,Inactive,Full-scale,https://tethys.pnnl.gov/project-sites/north-west-lewis-wave-array,reviewed 2026-09-24: PRIMRE project named in the reports as 'North West Lewis' (2012-2012); not in the Pilot years,
P0548,NoviOcean3 (NO3),PRIMRE,,NO3 | NoviOcean3,NoviOcean,Medi Wave 850H,Sweden,,wave,yes,,,Stockholm archipelago,,,59.2322,19.0609,PRIMRE,,,,,,,,PRIMRE,,NoviOcean3 (NO3),PRIMRE record,Active,Sub-scale,https://noviocean.energy/,PRIMRE only: not named in the reports,
P0549,OCEANTEC 1:4 Prototype WEC,PRIMRE,,OCEANTEC | Oceantec,"Oceantec Energias Marinas SL,IDOM",Oceantec WEC,Spain,,wave,yes,,,Cala Murgita,,,43.4007,-1.9134,PRIMRE,,,,,,,,PRIMRE,,OCEANTEC 1:4 Prototype WEC,PRIMRE record,Inactive,Sub-scale,https://www.researchgate.net/publication/228429348_Oceantec_Sea_trials_of_a_quarter_scale_prototype,PRIMRE only: not named in the reports,
P0550,OCGen Module Mooring,PRIMRE,,OCGen,Ocean Renewable Power Company,OCGen Power System,United States,,tidal,yes,,,"Cobscook Bay, Maine",,,44.9108,-67.0440,PRIMRE,,,,,,,,PRIMRE,,OCGen Module Mooring,PRIMRE record,Inactive,Sub-scale,https://orpc.co/in-development/,PRIMRE only: not named in the reports,"its device 'OCGen Power System' is named in the reports (2013-2013), perhaps for another deployment"
P0551,OE-12 in Galway Bay,PRIMRE,,~OE12 | OE-12,Ocean Energy,OE12,Ireland,,wave,yes,galway_bay,,Galway Bay,500,PRIMRE,53.23,-9.27,test site,,,,,,,,PRIMRE,,OE-12 in Galway Bay,PRIMRE record,Inactive,Sub-scale,https://oceanenergy.ie/oe-buoy/,PRIMRE only: not named in the reports,
P0552,OE35 in Kaneohe Bay,PRIMRE,,OE35,Ocean Energy,OE35,United States,,wave,yes,,,"Kaneohe Bay, Oahu, Hawaii",1250,PRIMRE,21.4715,-157.7541,PRIMRE,,,,,,,,PRIMRE,,OE35 in Kaneohe Bay,PRIMRE record,Inactive,Full-scale,https://oceanenergy.ie/oe-buoy/,PRIMRE only: not named in the reports,
P0553,OHT InfinityWEC Program,PRIMRE,,InfinityWEC,Ocean Harvesting Technologies,InfinityWEC,Sweden,,wave,yes,,,Skagerrak Strait,500,PRIMRE,58.1864,10.6467,PRIMRE,,,,,,,,PRIMRE,,OHT InfinityWEC Program,PRIMRE record,Inactive,Sub-scale,https://oceanharvesting.com/projects/,PRIMRE only: not named in the reports,"its device 'InfinityWEC' is named in the reports (2019-2025), perhaps for another deployment"
P0554,OIST Maldives Demonstration,PRIMRE,,OIST Maldives | ~OIST WEC-units,Okinawa Institute of Science and Technology Graduate University,OIST WEC-units,Maldives,,wave,yes,,,"Indian Ocean, Kandooma",18.6,PRIMRE,3.9508,73.4926,PRIMRE,,,,,,,,PRIMRE,,OIST Maldives Demonstration,PRIMRE record,Inactive,Full-scale,https://groups.oist.jp/qwmu/oist-wave-energy-project,PRIMRE only: not named in the reports,
P0555,OIST Okinawa Demonstration,PRIMRE,,OIST Okinawa | ~OIST WEC-units,Okinawa Institute of Science and Technology Graduate University,OIST WEC-units,Japan,,wave,yes,,,Port of Seragaki,10,PRIMRE,26.5355,127.9359,PRIMRE,,,,,,,,PRIMRE,,OIST Okinawa Demonstration,PRIMRE record,Inactive,Full-scale,https://www.oist.jp/news-center/news/2019/7/23/wave-energy-turbine-installed-okinawa-shoreline,PRIMRE only: not named in the reports,
P0556,OPALCO Tidal Energy Pilot Project,PRIMRE,,OPALCO,Orcas Power & Light Coop,Orbital Marine Power O2,United States,,tidal,yes,,,"Rosario Strait, Blakley Island, Washington",2000,PRIMRE,48.5604,-122.7623,PRIMRE,,,,,,,,PRIMRE,,OPALCO Tidal Energy Pilot Project,PRIMRE record,Active,Full-scale,https://www.opalco.com/tidal-energy-pilot-project/2024/10/,PRIMRE only: not named in the reports,
P0557,OUC Multi-heaving-buoys WEC - Zhaitang Island,PRIMRE,,OUC Multi-heaving-buoys,Ocean University of China,OUC Multi-heaving-buoys WEC,China,,wave,yes,,,"Yellow Sea, China",10,PRIMRE,35.6094,119.9772,PRIMRE,,,,,,,,PRIMRE,,OUC Multi-heaving-buoys WEC - Zhaitang Island,PRIMRE record,Inactive,Full-scale,https://tethys-engineering.pnnl.gov/publications/study-energy-conversion-storage-system-prototype-buoys-array-wave-energy-converter,PRIMRE only: not named in the reports,
P0559,Ocean Motion Puget Sound Pilot,PRIMRE,,~OMT S-WEC | Ocean Motion Puget Sound,Ocean Motion Technologies,OMT S-WEC,United States,,wave,yes,,,Puget Sound,0.4,PRIMRE,48.1336,-122.3826,PRIMRE,,,,,,,,PRIMRE,,Ocean Motion Puget Sound Pilot,PRIMRE record,Inactive,Full-scale,https://www.oceanmotion.tech/news.html#:~:text=Ocean_Motion_Technologies successfully_conducted_a_commercial_deployment_in_Seattle_Washington,PRIMRE only: not named in the reports,
P0560,Ocean-2 Puget Sound Trial,PRIMRE,,Ocean-2,Panthalassa,Ocean-2,United States,,wave,yes,,,Puget Sound,500,PRIMRE,47.9970,-122.2480,PRIMRE,,,,,,,,PRIMRE,,Ocean-2 Puget Sound Trial,PRIMRE record,Inactive,Full-scale,https://gigascale.com/profiles/panthalassa-harnessing-ocean-power/,PRIMRE only: not named in the reports,"its device 'Ocean-2' is named in the reports (2024-2024), perhaps for another deployment"
P0561,OceanMill - Westerschelde,PRIMRE,,OceanMill,IHC Tidal Energy,OceanMill,Netherlands,,tidal,yes,,,North Sea,30,PRIMRE,51.3929,3.9657,PRIMRE,,,,,,,,PRIMRE,,OceanMill - Westerschelde,PRIMRE record,Inactive,Sub-scale,"https://www.renewableenergyworld.com/wind-power/offshore/new-hydro-485/#:~:text=Ecofys_completes_installation_of_30-kW_unit_in,30-kW_Wave_Rotor_demonstration_unit_in_the",PRIMRE only: not named in the reports,
P0562,Oceanlinx MK1,PRIMRE,,Oceanlinx MK1,Oceanlinx,Oceanlinx MK1,Australia,,wave,yes,,,Port Kembla Harbour,500,PRIMRE,-34.5107,150.9902,PRIMRE,,,,,,,,PRIMRE,,Oceanlinx MK1,PRIMRE record,Inactive,Full-scale,https://tethys.pnnl.gov/project-sites/oceanlinx-mk1,PRIMRE only: not named in the reports,
P0563,Oceanlinx MK2,PRIMRE,,Oceanlinx MK2,Oceanlinx,Oceanlinx MK2,Australia,,wave,yes,,,Port Kembla Harbour,600,PRIMRE,-34.4927,150.9833,PRIMRE,,,,,,,,PRIMRE,,Oceanlinx MK2,PRIMRE record,Inactive,Sub-scale,https://tethys.pnnl.gov/project-sites/oceanlinx-mk2,PRIMRE only: not named in the reports,
P0564,Oceanlinx MK3,PRIMRE,,Oceanlinx MK3,Oceanlinx,Oceanlinx MK3,Australia,,wave,yes,,,Port Kembla Harbour,15,PRIMRE,-34.4871,150.9325,PRIMRE,,,,,,,,PRIMRE,,Oceanlinx MK3,PRIMRE record,Inactive,Sub-scale,https://www.osti.gov/servlets/purl/1134548,PRIMRE only: not named in the reports,
P0565,Okinawa OTEC Demonstration,annual reports,,~Okinawa,IHI Corporation,Okinawa Rankine OTEC,Japan,,OTEC,yes,okinawa_otec,,Kume Island,100,PRIMRE,26.34,126.8,test site,2022,2022,2022,,,name search for 'Okinawa OTEC Demonstration' (unverified),,PRIMRE,,Okinawa OTEC Demonstration,PRIMRE record,Active,Full-scale,http://otecokinawa.com/en/Project/index.html,reviewed 2026-09-24: PRIMRE project named in the reports as 'Okinawa OTEC Demonstration' (2022-2022); not in the Pilot years,PRIMRE project record for a test site / demonstration zone
P0566,Oneka Algarrobo Chile Test,PRIMRE,,~Oneka P-class | Oneka Algarrobo Chile,Oneka Technologies,Oneka P-class,Chile,,wave,yes,,,Algarrobo,,,-33.3596,-71.6862,PRIMRE,,,,,,,,PRIMRE,,Oneka Algarrobo Chile Test,PRIMRE record,Inactive,Full-scale,https://www.offshore-energy.biz/oneka-sets-foot-in-chile-with-wave-powered-desalination-technology/,PRIMRE only: not named in the reports,
P0567,Oneka City of Fort Bragg Desalination,PRIMRE,,Oneka City | ~Oneka Iceberg-class,Oneka Technologies,Oneka Iceberg-class,United States,,wave,yes,,,"Fort Bragg Coast, California",,,39.4695,-124.1129,PRIMRE,,,,,,,,PRIMRE,,Oneka City of Fort Bragg Desalination,PRIMRE record,Active,Full-scale,https://www.onekawater.com/the-city-of-fort-bragg-and-oneka-technologies-partner-to-deploy-the-first-wave-powered-desalination-demonstration-site-in-california/,PRIMRE only: not named in the reports,
P0568,Oneka Glacier Project,PRIMRE,,Oneka Glacier | ~Oneka Iceberg-class,Oneka Technologies,Oneka Iceberg-class,Canada,,wave,yes,,,Strait of Barrington,,,43.4570,-65.5833,PRIMRE,,,,,,,,PRIMRE,,Oneka Glacier Project,PRIMRE record,Active,Full-scale,https://oceansupercluster.ca/oneka-glacier-project/,PRIMRE only: not named in the reports,
P0569,Onshore Oscillating Buoy in Shanwei City,PRIMRE,,Onshore Oscillating Buoy | OnShore Oscillating Buoy,Guangzhou Institute of Energy Conversion,OnShore Oscillating Buoy,China,,wave,yes,,,South China Sea,50,PRIMRE,22.7091,115.4549,PRIMRE,,,,,,,,PRIMRE,,Onshore Oscillating Buoy in Shanwei City,PRIMRE record,Inactive,Full-scale,https://www.researchgate.net/publication/51902933_Wave_energy_technology_in_China,PRIMRE only: not named in the reports,"its device 'OnShore Oscillating Buoy' is named in the reports (2006-2007), perhaps for another deployment"
P0571,Open Sea Lab,PRIMRE,,~PB3 PowerBuoy,Energia Marina SpA,PB3 PowerBuoy,Chile,,wave,yes,,,Las Cruces,15,PRIMRE,-33.5051,-71.6876,PRIMRE,,,,,,,,PRIMRE,,Open Sea Lab,PRIMRE record,Active,Full-scale,https://meric.cl/lab-en/,PRIMRE only: not named in the reports,"its device 'PB3 PowerBuoy' is named in the reports (2017-2022), perhaps for another deployment"
P0572,Orbital Marine Power Westray Tidal Array,PRIMRE,,~Orbital Marine Power O2 | Orbital Marine Power Westray,Orbital Marine Power,Orbital Marine Power O2,United Kingdom,,tidal,yes,,,"Westray Firth, Orkney Islands",170000,PRIMRE,59.1684,-2.8651,PRIMRE,,,,,,,,PRIMRE,,Orbital Marine Power Westray Tidal Array,PRIMRE record,Active,Full-scale,https://orbitalwestray.com/,PRIMRE only: not named in the reports,
P0573,P154 Guinard Demo,PRIMRE,,P154,Guinard Energies Nouvelles,P154,France,,tidal,yes,,,"Ria d'Etel, Brittany",20,PRIMRE,47.6584,-3.2022,PRIMRE,,,,,,,,PRIMRE,,P154 Guinard Demo,PRIMRE record,Inactive,Full-scale,https://www.offshore-energy.biz/guinard-energies-to-power-french-oyster-farm-with-tidal-turbine/,PRIMRE only: not named in the reports,
P0574,PB150 Off Coast of Invergordon,PRIMRE,,~PB150 PowerBuoy,Ocean Power Technologies,PB150 PowerBuoy,United Kingdom,,wave,yes,,,Cromarty Firth,150,PRIMRE,57.6719,-3.9184,PRIMRE,,,,,,,,PRIMRE,,PB150 Off Coast of Invergordon,PRIMRE record,Inactive,Full-scale,https://www.greencarcongress.com/2011/02/opt-20110228.html,PRIMRE only: not named in the reports,"its device 'PB150 PowerBuoy' is named in the reports (2010-2011), perhaps for another deployment"
P0575,PB3 Kozu-shima Island Demonstration,PRIMRE,,~PB3 PowerBuoy,"Ocean Power Technologies,Mitsui Engineering & Services for Evolution & Sustainability",PB3 PowerBuoy,Japan,,wave,yes,,,Off Coast of Kozu-shima Island,3,PRIMRE,34.2062,139.1415,PRIMRE,,,,,,,,PRIMRE,,PB3 Kozu-shima Island Demonstration,PRIMRE record,Inactive,Full-scale,,PRIMRE only: not named in the reports,"its device 'PB3 PowerBuoy' is named in the reports (2017-2022), perhaps for another deployment"
P0576,PB40 at Atlantic City,PRIMRE,,PB40,Ocean Power Technologies,PB40 PowerBuoy,United States,,wave,yes,,,Atlantic Ocean,40,PRIMRE,39.4300,-74.1938,PRIMRE,,,,,,,,PRIMRE,,PB40 at Atlantic City,PRIMRE record,Inactive,Full-scale,https://web.archive.org/web/20121022101707/http://www.oceanpowertechnologies.com/ac.html,PRIMRE only: not named in the reports,test site link to amec removed: matched on a shared place word only
P0577,Pangasinan Energy Island Plant,PRIMRE,,Pangasinan Energy Island,Energy Island Ltd,,Philippines,,OTEC,yes,,,Off the coast of Pangasinan,100000,PRIMRE,15.7302,119.8055,PRIMRE,,,,,,,,PRIMRE,,Pangasinan Energy Island Plant,PRIMRE record,Inactive,Full-scale,http://www.energyisland.com/projects/philippines.html,PRIMRE only: not named in the reports,
P0578,Pendulor WEC - Mashike Port,PRIMRE,,Pendulor,Muroran Institute of technology,Muroran Institute of technology - Pendulor WEC,Japan,,wave,yes,,,Sea of Japan,20,PRIMRE,43.8783,141.5131,PRIMRE,,,,,,,,PRIMRE,,Pendulor WEC - Mashike Port,PRIMRE record,Inactive,Full-scale,https://onepetro.org/ISOPEPACOMS/proceedings-abstract/PACOMS90/All-PACOMS90/26240,PRIMRE only: not named in the reports,
P0579,Pendulor WEC - Muroran Port 1,PRIMRE,,Pendulor,Muroran Institute of technology,Muroran Institute of technology - Pendulor WEC,Japan,,wave,yes,,,"Uchiura Bay, Japan",5,PRIMRE,42.3276,140.8114,PRIMRE,,,,,,,,PRIMRE,,Pendulor WEC - Muroran Port 1,PRIMRE record,Inactive,Full-scale,https://onepetro.org/ISOPEPACOMS/proceedings-abstract/PACOMS90/All-PACOMS90/26240,PRIMRE only: not named in the reports,
P0580,Pendulor WEC - Muroran Port 2,PRIMRE,,Pendulor,Muroran Institute of technology,Muroran Institute of technology - Pendulor WEC,Japan,,wave,yes,,,"Uchiura Bay, Japan",5,PRIMRE,42.3276,140.8114,PRIMRE,,,,,,,,PRIMRE,,Pendulor WEC - Muroran Port 2,PRIMRE record,Inactive,Full-scale,https://icce-ojs-tamu.tdl.org/icce/article/view/5573,PRIMRE only: not named in the reports,
P0581,Pendulor WEC - Muroran Port 3,PRIMRE,,Pendulor,Muroran Institute of technology,Muroran Institute of technology - Pendulor WEC,Japan,,wave,yes,,,"Uchiura Bay, Japan",5,PRIMRE,42.3276,140.8114,PRIMRE,,,,,,,,PRIMRE,,Pendulor WEC - Muroran Port 3,PRIMRE record,Inactive,Full-scale,https://onepetro.org/ISOPEIOPEC/proceedings-abstract/ISOPE99/All-ISOPE99/24696,PRIMRE only: not named in the reports,
P0583,Pennamaquan Project,PRIMRE,,~Alstom,Halcyon Tidal Power LLC,Alstom Power bulb turbine,United States,,tidal,yes,,,"Pennamaquan Estuary in the Bay of Fundy, Maine",25600,PRIMRE,44.9063,-67.0658,PRIMRE,,,,,,,,PRIMRE,,Pennamaquan Project,PRIMRE record,Inactive,Full-scale,https://www.offshore-energy.biz/pennamaquan-tidal-project-moves-forward/,PRIMRE only: not named in the reports,
P0584,Perpetuus Tidal Energy Centre (PTEC),annual reports,,~Orbital Marine Power O2,Perpetuus Tidal Energy Centre Ltd,Orbital Marine Power O2,United Kingdom,,tidal,yes,ptec,,Isle of Wright,20000,PRIMRE,50.54,-1.3,test site,2020,2025,2020; 2021; 2022; 2023; 2024; 2025,,,name search for 'Perpetuus Tidal Energy Centre (PTEC)' (unverified),,PRIMRE,,Perpetuus Tidal Energy Centre (PTEC),PRIMRE record,Active,Full-scale,https://perpetuustidal.com/the-project-to-date/timeline/,reviewed 2026-09-24: PRIMRE project named in the reports as 'Perpetuus Tidal Energy Centre (PTEC)' (2020-2025); not in the Pilot years,PRIMRE project record for a test site / demonstration zone
P0585,Perth Wave Energy Project PWEP,PRIMRE,,~Carnegie Clean Energy CETO | ~Carnegie Clean Energy CETO 5,Carnegie Clean Energy,Carnegie Clean Energy CETO 5,Australia,,wave,yes,,,"Offshore Rockingham, Garden Island",720,PRIMRE,-32.2364,115.6776,PRIMRE,,,,,,,,PRIMRE,,Perth Wave Energy Project PWEP,PRIMRE record,Inactive,Full-scale,https://www.carnegiece.com/portfolio/ceto-5-perth-wa/,PRIMRE only: not named in the reports,
P0586,Pioneer Wave Energy Converter v1 - Mid-Atlantic Bight,PRIMRE,,~Sandia Pioneer,Woods Hole Oceanographic Institution,Sandia Pioneer Wave Energy Converter,United States,,wave,yes,,,"Mid-Atlantic Bight, Atlantic Ocean",0.02,PRIMRE,35.8842,-75.1634,PRIMRE,,,,,,,,PRIMRE,,Pioneer Wave Energy Converter v1 - Mid-Atlantic Bight,PRIMRE record,Active,Full-scale,https://sandialabs.github.io/pioneer_wec_dashboard/#stats,PRIMRE only: not named in the reports,test site link to amec removed: matched on a shared place word only
P0587,Port Fairy Pilot Wave Energy Project,PRIMRE,,~Port Fairy,BioPower Systems Pty Ltd,BioPower Systems bioWAVE,Australia,,wave,yes,,,"Coast of Port Fairy, Victoria",250,PRIMRE,-38.4296,142.1874,PRIMRE,,,,,,,,PRIMRE,,Port Fairy Pilot Wave Energy Project,PRIMRE record,Inactive,Full-scale,https://www.power-technology.com/projects/port-fairy-pilot-wave-energy-project/,PRIMRE only: not named in the reports,
P0588,Port of Antwerp Hydroturbine,PRIMRE,,~Water2Energy VAWT | Port of Antwerp Hydroturbine,Water2Energy,Water2Energy VAWT,Belgium,,tidal,yes,,,Port of Antwerp,150,PRIMRE,51.3083,4.3378,PRIMRE,,,,,,,,PRIMRE,,Port of Antwerp Hydroturbine,PRIMRE record,Inactive,Full-scale,https://sustainableworldports.org/project/port-of-antwerp-hydro-turbine/,PRIMRE only: not named in the reports,
P0589,Port of Sakata Breakwater OWC,PRIMRE,,Sakata Breakwater,Japanese Ministry of Land Infrastructure Transport and Tourism,Sakata Breakwater OWC,Japan,,wave,yes,,,Sea of Japan,60,PRIMRE,38.9102,139.8226,PRIMRE,,,,,,,,PRIMRE,,Port of Sakata Breakwater OWC,PRIMRE record,Inactive,Sub-scale,https://energy.hawaii.gov/wp-content/uploads/2011/10/Wave-Energy-Resource-and-Economic-Assessment-for-the-State-of-Hawaii.pdf,PRIMRE only: not named in the reports,
P0590,Port of Sohar Pilot Tidal Energy Project,PRIMRE,,~EVG-005H | Port of Sohar,New Energy Corporation,EVG-005H,Oman,,tidal,yes,,,Port of Sohar,5,PRIMRE,24.4869,56.8813,PRIMRE,,,,,,,,PRIMRE,,Port of Sohar Pilot Tidal Energy Project,PRIMRE record,Inactive,Full-scale,https://majis.om/assets/,PRIMRE only: not named in the reports,
P0591,Portland Bill tidal site,PRIMRE,,Portland Bill,SIMEC Atlantis Energy,SAE SeaGen-U,United Kingdom,,tidal,yes,,,"Portland Bill, South of the Isle of Portland on the Dorset Coast",30000,PRIMRE,50.5083,-2.4421,PRIMRE,,,,,,,,PRIMRE,,Portland Bill tidal site,PRIMRE record,Inactive,Full-scale,https://interregtiger.com/download/tiger-site-report-isle-of-wight/,PRIMRE only: not named in the reports,
P0592,Portnahaven - LIMPET,PRIMRE,,Portnahaven,Voith Hydro Inc,Land Installed Marine Powered Energy Transformer LIMPET,United Kingdom,,wave,yes,,,"Claddach, north of Portnahaven",500,PRIMRE,55.6212,-6.3917,PRIMRE,,,,,,,,PRIMRE,,Portnahaven - LIMPET,PRIMRE record,Inactive,Full-scale,https://tethys.pnnl.gov/sites/default/files/publications/Islay_LIMPET_Report.pdf,PRIMRE only: not named in the reports,
P0593,Poseidon Floating Power - Poseidon 37,PRIMRE,,Poseidon,Floating Power Plant AS,Floating Power Plant WECs,Denmark,,wave,yes,,,"Baltic Sea, near Lolland",50,PRIMRE,54.7826,11.4501,PRIMRE,,,,,,,,PRIMRE,,Poseidon Floating Power - Poseidon 37,PRIMRE record,Inactive,Sub-scale,https://www.knudehansen.com/wp-content/uploads/2017/10/Floating-Power-Plant-Poseidon-07064_10035.pdf,PRIMRE only: not named in the reports,
P0594,PowerPier Alesund,PRIMRE,,~Havkraft H-WEC | PowerPier Alesund,Havkraft AS,Havkraft H-WEC,Norway,,wave,yes,,,Ulsteinflåten,30,PRIMRE,62.3903,5.8526,PRIMRE,,,,,,,,PRIMRE,,PowerPier Alesund,PRIMRE record,Active,Full-scale,https://havkraft.no/projects/,PRIMRE only: not named in the reports,
P0595,Project Nepal Tocardo,PRIMRE,,Project Nepal Tocardo | ~Tocardo International T1,Tocardo International BV,Tocardo International T1 Turbine,Nepal,,tidal,yes,,,Koshi River,2500,PRIMRE,27.4162,86.7394,PRIMRE,,,,,,,,PRIMRE,,Project Nepal Tocardo,PRIMRE record,Inactive,Full-scale,https://www.nsenergybusiness.com/news/newstocardo-and-glow-tech-in-jv-for-turbine-production-in-nepal-2/,PRIMRE only: not named in the reports,
P0597,Pulse Stream 1200,PRIMRE,,~Pulse-Stream,Fraunhofer Institute for Energy Economics and Energy System Technology,Pulse-Stream,United Kingdom,,tidal,yes,,,,1200,PRIMRE,51.2860,-3.7344,PRIMRE,,,,,,,,PRIMRE,,Pulse Stream 1200,PRIMRE record,Inactive,Full-scale,https://cordis.europa.eu/project/id/239533,PRIMRE only: not named in the reports,"its device 'Pulse-Stream' is named in the reports (2011-2012), perhaps for another deployment"
P0598,Queenscliff Harbour Tidal Project,PRIMRE,,~Altum,Altum Green Energy,Altum 1.5,Australia,,tidal,yes,,,"Queenscliff Harbour, Victoria",450,PRIMRE,-38.2634,144.6692,PRIMRE,,,,,,,,PRIMRE,,Queenscliff Harbour Tidal Project,PRIMRE record,Active,Full-scale,https://timesnewsgroup.com.au/bellarinetimes/news/queenscliff-harbour-investigates-tidal-turbine-potential/,PRIMRE only: not named in the reports,
P0599,Quezon Wave Farm,PRIMRE,,Quezon,Energy Island Ltd,Energy Island Lilypad,Philippines,,wave,yes,,,Quezon,100,PRIMRE,14.1773,122.0687,PRIMRE,,,,,,,,PRIMRE,,Quezon Wave Farm,PRIMRE record,Inactive,Sub-scale,http://www.energyisland.com/projects/philippines.html,PRIMRE only: not named in the reports,
P0600,REAPower,PRIMRE,,REAPower | ~RED-Stack Blue,REDStack BV,RED-Stack Blue Energy,Italy,,salinity gradient,yes,,,Mediterranean Sea,,,40.1780,13.8534,PRIMRE,,,,,,,,PRIMRE,,REAPower,PRIMRE record,Inactive,Full-scale,https://www.reapower.eu/,PRIMRE only: not named in the reports,
P0602,Race Rocks Ecological Preserve,PRIMRE,,Race Rock | ~Race Rock Tidal Turbine,Clean Current,Race Rock Tidal Turbine,Canada,,tidal,yes,,,"Salish Sea,",65,PRIMRE,48.3005,-123.5248,PRIMRE,,,,,,,,PRIMRE,,Race Rocks Ecological Preserve,PRIMRE record,Inactive,Sub-scale,https://racerocks.ca/tidal-energy-turbine-removal/,PRIMRE only: not named in the reports,
P0603,Race Rocks Ecological Preserve 2nd Deployment,PRIMRE,,Race Rock | ~Race Rock Tidal Turbine,Clean Current,Race Rock Tidal Turbine,Canada,,tidal,yes,,,"Salish Sea,",65,PRIMRE,48.3005,-123.5248,PRIMRE,,,,,,,,PRIMRE,,Race Rocks Ecological Preserve 2nd Deployment,PRIMRE record,Inactive,Sub-scale,https://racerocks.ca/tidal-energy-turbine-removal/,PRIMRE only: not named in the reports,
P0604,Ramsey Sound DeltaStream Demonstration,PRIMRE,,~TEL DeltaStream | Ramsey Sound DeltaStream,Tidal Energy Ltd,TEL DeltaStream,United Kingdom,,tidal,yes,,,"Ramsey Sound, Wales",400,PRIMRE,51.8637,-5.3229,PRIMRE,,,,,,,,PRIMRE,,Ramsey Sound DeltaStream Demonstration,PRIMRE record,Inactive,Sub-scale,https://www.bbc.com/news/uk-wales-politics-38236014,PRIMRE only: not named in the reports,
P0605,Ramsey Sound Regeneration Tidal Project,PRIMRE,,Ramsey Sound Regeneration,Cambrian Offshore,,United Kingdom,,tidal,yes,,,"Ramsey Sound, Pembrokeshire, Wales, UK",1000,PRIMRE,51.8660,-5.3272,PRIMRE,,,,,,,,PRIMRE,,Ramsey Sound Regeneration Tidal Project,PRIMRE record,Active,Full-scale,https://cambrian-offshore.com/,PRIMRE only: not named in the reports,
P0606,Rebuilt Dawanshan Wave Power Station,PRIMRE,,~Dawanshan,Guangzhou Institute of Energy Conversion,Dawanshan OWC,China,,wave,yes,,,"Dawanshan Island, South China Sea",20,PRIMRE,21.9391,113.7327,PRIMRE,,,,,,,,PRIMRE,,Rebuilt Dawanshan Wave Power Station,PRIMRE record,Inactive,Full-scale,https://repository.library.noaa.gov/view/noaa/44990,PRIMRE only: not named in the reports,
P0607,Reedsport Wave Power Station,PRIMRE,,Reedsport | ~PB150 PowerBuoy,Ocean Power Technologies,PB150 PowerBuoy,United States,,wave,yes,,,Pacific Ocean,1500,PRIMRE,43.7596,-124.3128,PRIMRE,,,,,,,,PRIMRE,,Reedsport Wave Power Station,PRIMRE record,Inactive,Full-scale,https://www.power-technology.com/projects/reedsportwavepowerst/?cf-view,PRIMRE only: not named in the reports,"test site link to pmec removed: matched on a shared place word only; its device 'PB150 PowerBuoy' is named in the reports (2010-2011), perhaps for another deployment"
P0609,Ringmo,annual reports,,Ringmo,New Energy Corporation,EVG-005H,Nepal,,river current,yes,,,Suligad River,5,PRIMRE,29.1635,82.9337,PRIMRE,2014,2015,2014; 2015,,,name search for 'Ringmo' (unverified),,PRIMRE,,Ringmo,PRIMRE record,Inactive,Full-scale,https://www.powermag.com/himalayan-run-of-river-project-depends-on-new-component-types/,reviewed 2026-09-24: PRIMRE project named in the reports as 'Ringmo' (2014-2015); not in the Pilot years,
P0612,Ruby,annual reports,,~Ruby,New Energy Corporation,EVG-005H,United States,,tidal,yes,,,"Yukon River, Alaska",5,PRIMRE,64.7622,-155.5311,PRIMRE,2008,2008,2008,,,name search for 'Ruby' (unverified),,PRIMRE,,Ruby,PRIMRE record,Inactive,Full-scale,https://www.newenergycorp.ca/ruby,reviewed 2026-09-24: PRIMRE project named in the reports as 'Ruby' (2008-2008); not in the Pilot years,
P0614,SBS 1MW Pilot Project,PRIMRE,,~SBS,SBS Intl Ltd,,Indonesia,,tidal,yes,,,,1000,PRIMRE,-8.6124,118.0147,PRIMRE,,,,,,,,PRIMRE,,SBS 1MW Pilot Project,PRIMRE record,Active,Full-scale,http://www.sbsintl.com/1mw-pilot-project.html,PRIMRE only: not named in the reports,
P0615,SCORE (Sustainability of using Ria Formosa Currents On Renewable Energy Production),annual reports,,SCORE | ~Evopod,Oceanflow Energy Ltd,Evopod,Portugal,,tidal,yes,,,Faro-Olhao Inlet,35,PRIMRE,36.9739,-7.8708,PRIMRE,2017,2018,2017; 2018,,,name search for 'SCORE' (unverified),,PRIMRE,,SCORE (Sustainability of using Ria Formosa Currents On Renewable Energy Production),PRIMRE record,Inactive,Full-scale,https://www.sciencedirect.com/science/article/pii/S0360544218310934,reviewed 2026-09-24: PRIMRE project named in the reports as 'SCORE' (2017-2018); not in the Pilot years,
P0616,SCUT Floating Pendulum WEC,PRIMRE,,SCUT Floating Pendulum,South China University of Technology,SCUT Floating Array Flap-Type WEC,China,,wave,yes,,,South China Sea,65,PRIMRE,21.6024,111.9215,PRIMRE,,,,,,,,PRIMRE,,SCUT Floating Pendulum WEC,PRIMRE record,Inactive,Full-scale,https://re-vision.net/wp-content/uploads/2020/08/oes_annual_report_2012_web_.pdf,PRIMRE only: not named in the reports,
P0617,SDU WEC Pilot Demonstration,annual reports,,~SDU,Shandong University,SDU WEC,China,,wave,yes,,,"near Hailv Island, Shandong",120,PRIMRE,37.4434,122.6688,PRIMRE,2015,2015,2015,,,name search for 'SDU WEC' (unverified),,PRIMRE,,SDU WEC Pilot Demonstration,PRIMRE record,Inactive,Full-scale,https://www.sciencedirect.com/science/article/pii/S136403211730360X,reviewed 2026-09-24: PRIMRE project named in the reports as 'SDU WEC' (2015-2015); not in the Pilot years,
P0618,SIMEC Atlantis San Remo Demonstration,PRIMRE,,~SAE Nereus,SIMEC Atlantis Energy,SAE Nereus I,Australia,,tidal,yes,,,Newhaven Wharf,150,PRIMRE,-38.5283,145.3805,PRIMRE,,,,,,,,PRIMRE,,SIMEC Atlantis San Remo Demonstration,PRIMRE record,Inactive,Full-scale,https://saerenewables.com/news3/,PRIMRE only: not named in the reports,
P0619,SMART Food Processing Project Empowering Rural Entrepreneurs in Karnataka India,PRIMRE,,~Smart Free | ~Smart Free Stream,Smart HydroPower,Smart Free Stream,India,,river current,yes,,,"Panzara, Bhamane, India",5,PRIMRE,21.1528,74.9007,PRIMRE,,,,,,,,PRIMRE,,SMART Food Processing Project Empowering Rural Entrepreneurs in Karnataka India,PRIMRE record,Inactive,Full-scale,https://www.smart-hydro.de/,PRIMRE only: not named in the reports,
P0620,SMART Irrigation Project in Neiva Colombia,PRIMRE,,~Smart Monofloat | SMART Irrigation,Smart HydroPower,Smart Monofloat,Colombia,,river current,yes,,,,5,PRIMRE,2.9323,-75.2863,PRIMRE,,,,,,,,PRIMRE,,SMART Irrigation Project in Neiva Colombia,PRIMRE record,Inactive,Full-scale,https://www.smart-hydro.de/decentralized-rural-electrification-projects-worldwide/colombia-irrigation-project/#project,PRIMRE only: not named in the reports,
P0621,"SMART Monofloat: Grid-connected Project in Rosenheim, Germany",PRIMRE,,~Smart Free | ~Smart Free Stream,Smart HydroPower,Smart Free Stream,Germany,,river current,yes,,,"River Inn, Rosenheim, Germany",5,PRIMRE,47.8583,12.1434,PRIMRE,,,,,,,,PRIMRE,,"SMART Monofloat: Grid-connected Project in Rosenheim, Germany",PRIMRE record,Inactive,Full-scale,https://www.smart-hydro.de/,PRIMRE only: not named in the reports,
P0622,SMART Product Development at Kraemer’sche Kunstmühle in Munich Germany,PRIMRE,,~Smart Free | SMART Product,Smart HydroPower,Smart Free Stream,Germany,,river current,yes,,,"Auer-Mühlbach,",5,PRIMRE,48.1117,11.5707,PRIMRE,,,,,,,,PRIMRE,,SMART Product Development at Kraemer’sche Kunstmühle in Munich Germany,PRIMRE record,Inactive,Full-scale,https://www.smart-hydro.de/,PRIMRE only: not named in the reports,
P0623,SMART Telecom Project in Tabang Indonesia,PRIMRE,,SMART Telecom | ~Smart Monofloat,Smart HydroPower,Smart Monofloat,Indonesia,,river current,yes,,,"Belayan River, Tabang, Indonesia",10,PRIMRE,0.5750,116.0264,PRIMRE,,,,,,,,PRIMRE,,SMART Telecom Project in Tabang Indonesia,PRIMRE record,Active,Full-scale,https://www.smart-hydro.de/,PRIMRE only: not named in the reports,
P0624,SMART Village Hybrid Electrification in Akwanga Nigeria,PRIMRE,,~Smart Monofloat | SMART Village Hybrid Electrification,Smart HydroPower,Smart Monofloat,Nigeria,,river current,yes,,,"Mada River, Nigeria",5,PRIMRE,8.9155,8.2860,PRIMRE,,,,,,,,PRIMRE,,SMART Village Hybrid Electrification in Akwanga Nigeria,PRIMRE record,Inactive,Full-scale,https://www.smart-hydro.de/,PRIMRE only: not named in the reports,
P0625,SMART Village Hybrid Electrification in Marisol Peru,PRIMRE,,~Smart Monofloat | SMART Village Hybrid Electrification,Smart HydroPower,Smart Monofloat,Peru,,river current,yes,,,"Huayabamba River, Peru",5,PRIMRE,-7.2134,-77.0087,PRIMRE,,,,,,,,PRIMRE,,SMART Village Hybrid Electrification in Marisol Peru,PRIMRE record,Inactive,Full-scale,https://www.smart-hydro.de/,PRIMRE only: not named in the reports,
P0626,SURF-WEC Demonstration,PRIMRE,,SURF-WEC,"National Laboratory of the Rockies,Hawai'i Marine Energy Center",SURF-WEC,United States,,wave,yes,,,Pukakukui Channel,0.05,PRIMRE,21.3192,-157.6690,PRIMRE,,,,,,,,PRIMRE,,SURF-WEC Demonstration,PRIMRE record,Active,Full-scale,https://www.hmec.us/portfolio-1/project-five-748cx-3zj52,PRIMRE only: not named in the reports,
P0627,SURGE,annual reports,,SURGE,AW-Energy,AW-Energy WaveRoller,Portugal,,wave,yes,,,"Atlantic Ocean, Beach of Almagreira, Peniche, Portugal",300,PRIMRE,39.4364,-9.3255,PRIMRE,2009,2014,2009; 2010; 2011; 2014,,,name search for 'SURGE' (unverified),,PRIMRE,,SURGE,PRIMRE record,Inactive,Full-scale,https://aw-energy.com/pf/2009-surge/,reviewed 2026-09-24: PRIMRE project named in the reports as 'SURGE' (2009-2014); not in the Pilot years,
P0628,SURGE 2,PRIMRE,,SURGE,AW-Energy,AW-Energy WaveRoller,Portugal,,wave,yes,,,"Atlantic Ocean, Beach of Almagreira, Peniche",350,PRIMRE,39.4260,-9.3067,PRIMRE,,,,,,,,PRIMRE,,SURGE 2,PRIMRE record,Inactive,Full-scale,https://aw-energy.com/pf/2015-surge-2/,PRIMRE only: not named in the reports,
P0631,Sanda Sound,PRIMRE,,~Evopod,Oceanflow Energy Ltd,Evopod,United Kingdom,,tidal,yes,,,"Sanda Sound, Scotland",35,PRIMRE,55.2777,-5.5924,PRIMRE,,,,,,,,PRIMRE,,Sanda Sound,PRIMRE record,Inactive,Full-scale,https://www.oceanflowenergy.com/project-details2.html,PRIMRE only: not named in the reports,"its device 'Evopod' is named in the reports (2017-2018), perhaps for another deployment"
P0632,Sanze OWC WEC Demonstration,PRIMRE,,Sanze,Japan Agency for Marine-Earth Science and Technology,Sanze OWC WEC,Japan,,wave,yes,,,Sea of Japan,40,PRIMRE,38.7541,139.6578,PRIMRE,,,,,,,,PRIMRE,,Sanze OWC WEC Demonstration,PRIMRE record,Inactive,Full-scale,https://energy.hawaii.gov/wp-content/uploads/2011/10/Wave-Energy-Resource-and-Economic-Assessment-for-the-State-of-Hawaii.pdf,PRIMRE only: not named in the reports,
P0633,Scilly Airport WEP,PRIMRE,,Scilly Airport WEP | ~40 South Energy R115,40 South Energy,40 South Energy R115,United Kingdom,,wave,yes,,,Celtic Sea,450,PRIMRE,49.9056,-6.2817,PRIMRE,,,,,,,,PRIMRE,,Scilly Airport WEP,PRIMRE record,Inactive,Full-scale,https://www.offshorewind.biz/2013/09/10/uk-scilly-airport-wep-getting-closer-to-reality/,PRIMRE only: not named in the reports,
P0634,SeaFlow Tidal Pilot Project,PRIMRE,,SeaFlow,Marine Current Turbines,MCT SeaFlow,United Kingdom,,tidal,yes,,,"Lynnmouth, Devon",300,PRIMRE,51.2374,-3.8425,PRIMRE,,,,,,,,PRIMRE,,SeaFlow Tidal Pilot Project,PRIMRE record,Inactive,Full-scale,https://www.iee.fraunhofer.de/en/research_projects/search/2004/seaflow.html,PRIMRE only: not named in the reports,
P0635,SeaGen-S Strangford Lough,PRIMRE,,~SAE SeaGen-S | SeaGen-S Strangford Lough,"Marine Current Turbines,SIMEC Atlantis Energy",SAE SeaGen-S,Ireland,,tidal,yes,,,Strangford Narrows,1200,PRIMRE,54.4072,-5.5533,PRIMRE,,,,,,,,PRIMRE,,SeaGen-S Strangford Lough,PRIMRE record,Inactive,Full-scale,https://saerenewables.com/meygen-operational-update-3-2/,PRIMRE only: not named in the reports,
P0636,SeaRay Open Water Test in Puget Sound,PRIMRE,,~C-Power SeaRAY | SeaRay Open Water,Columbia Power Technologies Inc,C-Power SeaRAY,United States,,wave,yes,,,"Puget Sound, Washington",0.5,PRIMRE,47.6575,-122.4473,PRIMRE,,,,,,,,PRIMRE,,SeaRay Open Water Test in Puget Sound,PRIMRE record,Inactive,Sub-scale,https://digital.library.unt.edu/ark:/67531/metadc846185/m2/1/,PRIMRE only: not named in the reports,
P0637,Seagen Anglesey Skerries,PRIMRE,,~SAE SeaGen-S | Seagen Anglesey Skerries,SIMEC Atlantis Energy,SAE SeaGen-S,United Kingdom,,tidal,yes,,,Irish Sea,100000,PRIMRE,53.4382,-4.3839,PRIMRE,,,,,,,,PRIMRE,,Seagen Anglesey Skerries,PRIMRE record,Inactive,Full-scale,https://tethys.pnnl.gov/project-sites/anglesey-skerries-tidal-stream-array,PRIMRE only: not named in the reports,
P0640,Seaturns - Mauritius Pilot,PRIMRE,,Seaturns,Seaturns,Seaturns WEC,Mauritius,,wave,yes,,,Indian Ocean,2000,PRIMRE,-20.1413,57.5899,PRIMRE,,,,,,,,PRIMRE,,Seaturns - Mauritius Pilot,PRIMRE record,Active,,https://seaturns.com/en/seaturns-launches-the-worlds-first-pre-commercial-offshore-wave-energy-project-in-mauritius/,PRIMRE only: not named in the reports,
P0641,Shanwei OWC Power Station,PRIMRE,,Shanwei,Guangzhou Institute of Energy Conversion,Shanwei OWC,China,,wave,yes,,,South China Sea,100,PRIMRE,22.7091,115.4549,PRIMRE,,,,,,,,PRIMRE,,Shanwei OWC Power Station,PRIMRE record,Inactive,Full-scale,https://www.sciencedirect.com/science/article/pii/S0960148109001177?via=ihub,PRIMRE only: not named in the reports,
P0643,Sharp Eagle II Sea Trial,PRIMRE,,Sharp Eagle,Guangzhou Institute of Energy Conversion,Eagle Two,China,,wave,yes,,,"Dawanshan Waters, Southern China",100,PRIMRE,22.0907,113.9416,PRIMRE,,,,,,,,PRIMRE,,Sharp Eagle II Sea Trial,PRIMRE record,Inactive,Sub-scale,https://tethys-engineering.pnnl.gov/publications/research-power-take-system-sharp-eagle-ii-wave-energy-converter,PRIMRE only: not named in the reports,
P0644,Sihwa Tidal Barrage Power Plant,annual reports,,Sihwa Tidal Barrage,Korea Water Resource Corporation,,Republic of Korea,,tidal,yes,,,Sihwa Lake,254000,PRIMRE,37.3084,126.6334,PRIMRE,2009,2013,2009; 2010; 2011; 2012; 2013,,,name search for 'Sihwa Tidal Barrage Power Plant' (unverified),,PRIMRE,,Sihwa Tidal Barrage Power Plant,PRIMRE record,Active,Full-scale,https://tethys.pnnl.gov/project-sites/sihwa-tidal-power-plant,reviewed 2026-09-24: PRIMRE project named in the reports as 'Sihwa Tidal Barrage Power Plant' (2009-2013); not in the Pilot years,
P0646,Solway Energy Gateway,annual reports,,Solway Energy Gateway,Solway Energy Gateway Ltd,,United Kingdom,,tidal,yes,,,Irish Sea,100000,PRIMRE,54.7671,-3.6211,PRIMRE,2011,2011,2011,,,name search for 'Solway Energy Gateway' (unverified),,PRIMRE,,Solway Energy Gateway,PRIMRE record,Inactive,Full-scale,http://www.solwayenergygateway.co.uk/,reviewed 2026-09-24: PRIMRE project named in the reports as 'Solway Energy Gateway' (2011-2011); not in the Pilot years,
P0648,South Sudan River Current Turbine,PRIMRE,,~ITDG River | South Sudan River,Thropton Energy,IT Power ltd River Current Turbine | ITDG River Current Turbine - Garman Turbine,South Sudan,,river current,yes,,,Nile River,,,4.8326,31.6114,PRIMRE,,,,,,,,PRIMRE,,South Sudan River Current Turbine,PRIMRE record,Inactive,Full-scale,https://www.researchgate.net/publication/267809602_Practical_tidal_turbine_design_considerations_a_review_of_technical_alternatives_and_key_design_decisions_leading_to_the_development_of_the_SeaGen_12MW_tidal_turbine,PRIMRE only: not named in the reports,
P0649,Statkraft Osmotic Power Generation,PRIMRE,,Statkraft Osmotic | ~Osmotic Power Plant in Tofte,Statkraft,Osmotic Power Plant in Tofte,Norway,,salinity gradient,yes,,,Oslofjord,4,PRIMRE,59.5268,10.5520,PRIMRE,,,,,,,,PRIMRE,,Statkraft Osmotic Power Generation,PRIMRE record,Inactive,Sub-scale,https://www.power-technology.com/projects/statkraft-osmotic/?cf-view,PRIMRE only: not named in the reports,
P0650,Subhub Community Demonstrator in Yarmouth Harbour,PRIMRE,,Subhub Community,QED Naval Limited,Tocardo International T1 Turbine,United Kingdom,,tidal,yes,,,"The Solent, Yarmouth Harbour, Isle of Wight, England",250,PRIMRE,50.7078,-1.5066,PRIMRE,,,,,,,,PRIMRE,,Subhub Community Demonstrator in Yarmouth Harbour,PRIMRE record,Active,Full-scale,https://qednaval.co.uk/projects/,PRIMRE only: not named in the reports,
P0653,Svanoy Havbruk,PRIMRE,,Svanoy Havbruk | ~Havkraft H-WEC,Havkraft AS,Havkraft H-WEC,Norway,,wave,yes,,,Austnesvågen,300,PRIMRE,61.4874,5.1124,PRIMRE,,,,,,,,PRIMRE,,Svanoy Havbruk,PRIMRE record,Inactive,Full-scale,https://www.offshore-energy.biz/havkraft-inks-deal-to-power-fish-farm-using-its-wave-energy-device/,PRIMRE only: not named in the reports,
P0655,TSI Lidar WEC in Buzzards Bay,PRIMRE,,TSI Lidar,Triton Systems,TSI Lidar WEC,United States,,wave,yes,,,Buzzards Bay,0.5,PRIMRE,41.4918,-70.8773,PRIMRE,,,,,,,,PRIMRE,,TSI Lidar WEC in Buzzards Bay,PRIMRE record,Inactive,Full-scale,,PRIMRE only: not named in the reports,
P0656,TSI Oceanographic WEC in Buzzards Bay,PRIMRE,,TSI Oceanographic,Triton Systems,TSI Oceanographic WEC,United States,,wave,yes,,,Buzzards Bay,0.1,PRIMRE,41.4980,-70.8862,PRIMRE,,,,,,,,PRIMRE,,TSI Oceanographic WEC in Buzzards Bay,PRIMRE record,Inactive,Full-scale,,PRIMRE only: not named in the reports,
P0657,Tasmania Turbine Demo Project,PRIMRE,,~MAKO,MAKO Tidal Turbines Pty Ltd MTT,MAKO Tidal Turbine,Australia,,tidal,yes,,,"Tamar River Estuary, Tasmania",1000,PRIMRE,-41.4096,147.1050,PRIMRE,,,,,,,,PRIMRE,,Tasmania Turbine Demo Project,PRIMRE record,Inactive,Full-scale,https://www.offshore-energy.biz/mako-tidal-turbine-tackles-tasmanian-tides/,PRIMRE only: not named in the reports,"its device 'MAKO Tidal Turbine' is named in the reports (2019-2020), perhaps for another deployment"
P0660,Torr Head,annual reports,,~Torr Head,Tidal Ventures Limited,,Ireland,,tidal,yes,,,Malin,100000,PRIMRE,55.1880,-6.0539,PRIMRE,2012,2013,2012; 2013,,,name search for 'Torr Head' (unverified),,PRIMRE,,Torr Head,PRIMRE record,Inactive,Full-scale,https://www.blue-energy-concepts.nl/wp-content/uploads/Documents/Public/TV-2015-Torr-Head-Tidal-Energy-Array-Non-Technical-Summary.pdf,reviewed 2026-09-24: PRIMRE project named in the reports as 'Torr Head' (2012-2013); not in the Pilot years,
P0665,Vizhinjam Wave Energy Plant,PRIMRE,,Vizhinjam | ~Trivandrum,Indian Institute of Technology,Trivandrum OWC,India,,wave,yes,,,Arabian Sea,150,PRIMRE,8.1568,77.5466,PRIMRE,,,,,,,,PRIMRE,,Vizhinjam Wave Energy Plant,PRIMRE record,Inactive,Sub-scale,https://www.jstor.org/stable/pdf/24093688.pdf?casa_token=19SbZjoVbdIAAAAA:PRUXsMvyAqjVjBabtSCBwhagfV1odGfWZ3d2TQlW8WVBK_TDlfVyjxipSZWanwyZSgVUkj451AQ2CBDm2UU_O3UvuBTzkL-iBRBKKjSaSdVmEnRsxqmo9Q,PRIMRE only: not named in the reports,
P0666,Wanxiang-I,annual reports,,Wanxiang-I,Harbin Engineering University,HEU Wanxiang-I,China,,tidal,yes,,,East China Sea,70,PRIMRE,29.8585,122.3214,PRIMRE,2006,2007,2006; 2007,,,name search for 'Wanxiang-I' (unverified),,PRIMRE,,Wanxiang-I,PRIMRE record,Inactive,Full-scale,,reviewed 2026-09-24: PRIMRE project named in the reports as 'Wanxiang-I' (2006-2007); not in the Pilot years,
P0667,Wanxiang-II,annual reports,,Wanxiang-II,Harbin Engineering University,HEU Wanxiang-II,China,,tidal,yes,,,Gaoting Channel,40,PRIMRE,30.2329,122.1929,PRIMRE,2006,2007,2006; 2007,,,name search for 'Wanxiang-II' (unverified),,PRIMRE,,Wanxiang-II,PRIMRE record,Inactive,Full-scale,,reviewed 2026-09-24: PRIMRE project named in the reports as 'Wanxiang-II' (2006-2007); not in the Pilot years,
P0669,Wave Energy for a Sustainable Archipelago (WESA),PRIMRE,,~WESA | ~Seabased,Seabased AB,Seabased WEC,Finland,,wave,yes,,,Baltic Sea,17,PRIMRE,60.1404,20.3902,PRIMRE,,,,,,,,PRIMRE,,Wave Energy for a Sustainable Archipelago (WESA),PRIMRE record,Inactive,Full-scale,https://seabased.com/projects,PRIMRE only: not named in the reports,
P0670,Wave Rider Deployment Adelaide,PRIMRE,,Wave Rider,Wave Rider Energy Pty Ltd,Wave Rider,Australia,,wave,yes,,,Great Australian Bight,250,PRIMRE,-34.6310,135.6478,PRIMRE,,,,,,,,PRIMRE,,Wave Rider Deployment Adelaide,PRIMRE record,Inactive,Sub-scale,https://web.archive.org/web/20220422070652/http://www.waveriderenergy.com.au/index.html,PRIMRE only: not named in the reports,"its device 'Wave Rider' is named in the reports (2009-2024), perhaps for another deployment"
P0672,WaveNET Array - Isle of Muck,PRIMRE,,WaveNET | WaveNET Array,Albatern Ltd,Albatern SQUID 6,United Kingdom,,wave,yes,,,Atlantic Ocean,22.5,PRIMRE,56.8296,-6.2241,PRIMRE,,,,,,,,PRIMRE,,WaveNET Array - Isle of Muck,PRIMRE record,Inactive,Full-scale,https://core.ac.uk/reader/132263000,PRIMRE only: not named in the reports,
P0673,WaveNET Array - Mingary Bay,PRIMRE,,WaveNET | WaveNET Array,Albatern Ltd,Albatern SQUID 6,United Kingdom,,wave,yes,,,Mingary Bay,45,PRIMRE,56.6819,-6.0923,PRIMRE,,,,,,,,PRIMRE,,WaveNET Array - Mingary Bay,PRIMRE record,Inactive,Full-scale,https://edrive.eng.ed.ac.uk/sites/edrive.eng.ed.ac.uk/files/attachments/e-Drive_Kickoff_Albatern.pdf,PRIMRE only: not named in the reports,
P0674,WaveNet Array - Kishorn,PRIMRE,,WaveNet,Albatern Ltd,Albatern SQUID 6,United Kingdom,,wave,yes,,,"Loch  Kishorn,",45,PRIMRE,57.3863,-5.6302,PRIMRE,,,,,,,,PRIMRE,,WaveNet Array - Kishorn,PRIMRE record,Inactive,Sub-scale,https://core.ac.uk/reader/132263000,PRIMRE only: not named in the reports,
P0675,West Islay Tidal Energy Farm,PRIMRE,,West Islay,DP Energy,SAE SeaGen-S,United Kingdom,,tidal,yes,,,"Off the west coast of island of Islay, Scotland",30000,PRIMRE,55.7053,-6.5153,PRIMRE,,,,,,,,PRIMRE,,West Islay Tidal Energy Farm,PRIMRE record,Inactive,Full-scale,https://www.power-technology.com/projects/west-islay-tidal-farm-scotland/,PRIMRE only: not named in the reports,
P0676,West Somerset Tidal Lagoon,PRIMRE,,West Somerset Tidal Lagoon,West Somerset Lagoon Ltd,,United Kingdom,,tidal,yes,,,Bristol Channel,,,51.2152,-3.3876,PRIMRE,,,,,,,,PRIMRE,,West Somerset Tidal Lagoon,PRIMRE record,Active,Full-scale,https://www.westsomersetlagoon.com/,PRIMRE only: not named in the reports,
P0677,Wyre Estuary Tidal Barrage,PRIMRE,,~SAE AR1500 | Wyre Estuary Tidal Barrage,SIMEC Atlantis Energy,SAE AR1500,United Kingdom,,tidal,yes,,,River Wyre,160000,PRIMRE,53.9084,-2.9993,PRIMRE,,,,,,,,PRIMRE,,Wyre Estuary Tidal Barrage,PRIMRE record,Active,Full-scale,https://naturalenergywyre.org/,PRIMRE only: not named in the reports,
P0679,ZOEX Power Black Sea,PRIMRE,,ZOEX Power Black,ZOEX Power,ZOEX Wave Energy Conversion Device,Turkey,,wave,yes,,,Black Sea,100,PRIMRE,41.1617,37.9766,PRIMRE,,,,,,,,PRIMRE,,ZOEX Power Black Sea,PRIMRE record,Inactive,Full-scale,https://highgrowth.scot/aberdeen-firm-to-launch-long-term-wave-energy-trials-in-turkey/,PRIMRE only: not named in the reports,
P0680,Zambales Energy Island,PRIMRE,,~Energy Island,Energy Island Ltd,Energy Island OTEC,Philippines,,OTEC,yes,,,"Cabangan, Zambales, Luzon (substation Botolan)",10000,PRIMRE,15.8898,119.7068,PRIMRE,,,,,,,,PRIMRE,,Zambales Energy Island,PRIMRE record,Inactive,Full-scale,http://www.energyisland.com/projects/philippines.html,PRIMRE only: not named in the reports,
P0681,PLAT-I Connel Sound Demonstration,PRIMRE,,PLAT-I Connel Sound,"Sustainable Marine Energy Ltd,Schottel Hydro GmbH",Sustainable Marine Energy and Schottel Hydro PLAT-I,United Kingdom,,tidal,yes,,,"Connel Sound, Scotland",280,PRIMRE,56.4640,-5.4963,PRIMRE,,,,,,,,PRIMRE,,PLAT-I Connel Sound Demonstration,PRIMRE record,Inactive,Full-scale,https://www.smithsonianmag.com/innovation/push-tidal-power-face-biggest-challenge-180974369/,PRIMRE only: not named in the reports,
